zip code,crime rate
90001,61.5
90002,65.6
90003,65.7
90004,56.5
90005,65.3
90006,65.6
90007,51.1
90008,60.9
90009,-1
90010,37.4
90011,65.6
90012,64.4
90013,66.1
90014,62.2
90015,64.5
90016,56.1
90017,64.1
90018,64.4
90019,54.4
90020,53
90021,66.4
90022,57.4
90023,64.6
90024,33.8
90025,39.8
90026,58.3
90027,49.9
90028,63.8
90029,65.1
90030,-1
90031,59.1
90032,52.5
90033,65.2
90034,44.3
90035,36.6
90036,40.9
90037,65.7
90038,64.2
90039,36
90040,53.3
90041,31.9
90042,47.2
90043,56.1
90044,65.9
90045,26.4
90046,42.3
90047,58.2
90048,36.9
90049,26.4
90050,-1
90051,-1
90052,-1
90053,-1
90054,-1
90055,-1
90056,29.7
90057,66
90058,66.4
90059,65.5
90060,-1
90061,65.4
90062,63.1
90063,53.9
90064,27.7
90065,44.5
90066,35.1
90067,22.2
90068,32
90069,43
90070,-1
90071,-1
90072,-1
90073,67
90074,-1
90075,-1
90076,-1
90077,19.1
90078,-1
90079,-1
90080,-1
90081,-1
90082,-1
90083,-1
90084,-1
90085,-1
90086,-1
90087,-1
90088,-1
90089,24.8
90090,-1
90091,-1
90092,-1
90093,-1
90094,25.8
90095,-1
90096,-1
90097,-1
90098,-1
90099,-1
90100,-1
90101,-1
90102,-1
90103,-1
90104,-1
90105,-1
90106,-1
90107,-1
90108,-1
90109,-1
90110,-1
90111,-1
90112,-1
90113,-1
90114,-1
90115,-1
90116,-1
90117,-1
90118,-1
90119,-1
90120,-1
90121,-1
90122,-1
90123,-1
90124,-1
90125,-1
90126,-1
90127,-1
90128,-1
90129,-1
90130,-1
90131,-1
90132,-1
90133,-1
90134,-1
90135,-1
90136,-1
90137,-1
90138,-1
90139,-1
90140,-1
90141,-1
90142,-1
90143,-1
90144,-1
90145,-1
90146,-1
90147,-1
90148,-1
90149,-1
90150,-1
90151,-1
90152,-1
90153,-1
90154,-1
90155,-1
90156,-1
90157,-1
90158,-1
90159,-1
90160,-1
90161,-1
90162,-1
90163,-1
90164,-1
90165,-1
90166,-1
90167,-1
90168,-1
90169,-1
90170,-1
90171,-1
90172,-1
90173,-1
90174,-1
90175,-1
90176,-1
90177,-1
90178,-1
90179,-1
90180,-1
90181,-1
90182,-1
90183,-1
90184,-1
90185,-1
90186,-1
90187,-1
90188,-1
90189,-1
90190,-1
90191,-1
90192,-1
90193,-1
90194,-1
90195,-1
90196,-1
90197,-1
90198,-1
90199,-1
90200,-1
90201,59
90202,-1
90203,-1
90204,-1
90205,-1
90206,-1
90207,-1
90208,-1
90209,-1
90210,18.2
90211,34.5
90212,33.5
90213,-1
90214,-1
90215,-1
90216,-1
90217,-1
90218,-1
90219,-1
90220,56
90221,59.5
90222,58.4
90223,-1
90224,-1
90225,-1
90226,-1
90227,-1
90228,-1
90229,-1
90230,34.8
90231,-1
90232,35.4
90233,-1
90234,-1
90235,-1
90236,-1
90237,-1
90238,-1
90239,-1
90240,28.5
90241,39.9
90242,40.2
90243,-1
90244,-1
90245,31.5
90246,-1
90247,46.6
90248,29.2
90249,39.9
90250,53.6
90251,-1
90252,-1
90253,-1
90254,24.5
90255,60.3
90256,-1
90257,-1
90258,-1
90259,-1
90260,42.1
90261,-1
90262,55.3
90263,-1
90264,-1
90265,20
90266,15.3
90267,-1
90268,-1
90269,-1
90270,58.8
90271,-1
90272,19.9
90273,-1
90274,6
90275,9.4
90276,-1
90277,26
90278,22.3
90279,-1
90280,53.8
90281,-1
90282,-1
90283,-1
90284,-1
90285,-1
90286,-1
90287,-1
90288,-1
90289,-1
90290,19.5
90291,38
90292,38.3
90293,26.5
90294,-1
90295,-1
90296,-1
90297,-1
90298,-1
90299,-1
90300,-1
90301,62.7
90302,60.9
90303,54.7
90304,57.4
90305,43.7
90306,-1
90307,-1
90308,-1
90309,-1
90310,-1
90311,-1
90312,-1
90313,-1
90314,-1
90315,-1
90316,-1
90317,-1
90318,-1
90319,-1
90320,-1
90321,-1
90322,-1
90323,-1
90324,-1
90325,-1
90326,-1
90327,-1
90328,-1
90329,-1
90330,-1
90331,-1
90332,-1
90333,-1
90334,-1
90335,-1
90336,-1
90337,-1
90338,-1
90339,-1
90340,-1
90341,-1
90342,-1
90343,-1
90344,-1
90345,-1
90346,-1
90347,-1
90348,-1
90349,-1
90350,-1
90351,-1
90352,-1
90353,-1
90354,-1
90355,-1
90356,-1
90357,-1
90358,-1
90359,-1
90360,-1
90361,-1
90362,-1
90363,-1
90364,-1
90365,-1
90366,-1
90367,-1
90368,-1
90369,-1
90370,-1
90371,-1
90372,-1
90373,-1
90374,-1
90375,-1
90376,-1
90377,-1
90378,-1
90379,-1
90380,-1
90381,-1
90382,-1
90383,-1
90384,-1
90385,-1
90386,-1
90387,-1
90388,-1
90389,-1
90390,-1
90391,-1
90392,-1
90393,-1
90394,-1
90395,-1
90396,-1
90397,-1
90398,-1
90399,-1
90400,-1
90401,47.9
90402,21.2
90403,37.5
90404,45.6
90405,38.2
90406,-1
90407,-1
90408,-1
90409,-1
90410,-1
90411,-1
90412,-1
90413,-1
90414,-1
90415,-1
90416,-1
90417,-1
90418,-1
90419,-1
90420,-1
90421,-1
90422,-1
90423,-1
90424,-1
90425,-1
90426,-1
90427,-1
90428,-1
90429,-1
90430,-1
90431,-1
90432,-1
90433,-1
90434,-1
90435,-1
90436,-1
90437,-1
90438,-1
90439,-1
90440,-1
90441,-1
90442,-1
90443,-1
90444,-1
90445,-1
90446,-1
90447,-1
90448,-1
90449,-1
90450,-1
90451,-1
90452,-1
90453,-1
90454,-1
90455,-1
90456,-1
90457,-1
90458,-1
90459,-1
90460,-1
90461,-1
90462,-1
90463,-1
90464,-1
90465,-1
90466,-1
90467,-1
90468,-1
90469,-1
90470,-1
90471,-1
90472,-1
90473,-1
90474,-1
90475,-1
90476,-1
90477,-1
90478,-1
90479,-1
90480,-1
90481,-1
90482,-1
90483,-1
90484,-1
90485,-1
90486,-1
90487,-1
90488,-1
90489,-1
90490,-1
90491,-1
90492,-1
90493,-1
90494,-1
90495,-1
90496,-1
90497,-1
90498,-1
90499,-1
90500,-1
90501,37.8
90502,31.1
90503,24.8
90504,26
90505,19.9
90506,-1
90507,-1
90508,-1
90509,-1
90510,-1
90511,-1
90512,-1
90513,-1
90514,-1
90515,-1
90516,-1
90517,-1
90518,-1
90519,-1
90520,-1
90521,-1
90522,-1
90523,-1
90524,-1
90525,-1
90526,-1
90527,-1
90528,-1
90529,-1
90530,-1
90531,-1
90532,-1
90533,-1
90534,-1
90535,-1
90536,-1
90537,-1
90538,-1
90539,-1
90540,-1
90541,-1
90542,-1
90543,-1
90544,-1
90545,-1
90546,-1
90547,-1
90548,-1
90549,-1
90550,-1
90551,-1
90552,-1
90553,-1
90554,-1
90555,-1
90556,-1
90557,-1
90558,-1
90559,-1
90560,-1
90561,-1
90562,-1
90563,-1
90564,-1
90565,-1
90566,-1
90567,-1
90568,-1
90569,-1
90570,-1
90571,-1
90572,-1
90573,-1
90574,-1
90575,-1
90576,-1
90577,-1
90578,-1
90579,-1
90580,-1
90581,-1
90582,-1
90583,-1
90584,-1
90585,-1
90586,-1
90587,-1
90588,-1
90589,-1
90590,-1
90591,-1
90592,-1
90593,-1
90594,-1
90595,-1
90596,-1
90597,-1
90598,-1
90599,-1
90600,-1
90601,33
90602,47.4
90603,16.4
90604,30.6
90605,30.8
90606,33.7
90607,-1
90608,-1
90609,-1
90610,-1
90611,-1
90612,-1
90613,-1
90614,-1
90615,-1
90616,-1
90617,-1
90618,-1
90619,-1
90620,25.3
90621,41.8
90622,-1
90623,18.7
90624,-1
90625,-1
90626,-1
90627,-1
90628,-1
90629,-1
90630,19.7
90631,29.7
90632,-1
90633,-1
90634,-1
90635,-1
90636,-1
90637,-1
90638,18.3
90639,-1
90640,45.1
90641,-1
90642,-1
90643,-1
90644,-1
90645,-1
90646,-1
90647,-1
90648,-1
90649,-1
90650,33.8
90651,-1
90652,-1
90653,-1
90654,-1
90655,-1
90656,-1
90657,-1
90658,-1
90659,-1
90660,37.2
90661,-1
90662,-1
90663,-1
90664,-1
90665,-1
90666,-1
90667,-1
90668,-1
90669,-1
90670,39
90671,-1
90672,-1
90673,-1
90674,-1
90675,-1
90676,-1
90677,-1
90678,-1
90679,-1
90680,42.8
90681,-1
90682,-1
90683,-1
90684,-1
90685,-1
90686,-1
90687,-1
90688,-1
90689,-1
90690,-1
90691,-1
90692,-1
90693,-1
90694,-1
90695,-1
90696,-1
90697,-1
90698,-1
90699,-1
90700,-1
90701,38.4
90702,-1
90703,16.1
90704,43.3
90705,-1
90706,46.1
90707,-1
90708,-1
90709,-1
90710,41.6
90711,-1
90712,27.7
90713,18.1
90714,-1
90715,36.1
90716,53
90717,38.3
90718,-1
90719,-1
90720,20.9
90721,-1
90722,-1
90723,51.5
90724,-1
90725,-1
90726,-1
90727,-1
90728,-1
90729,-1
90730,-1
90731,53.7
90732,25.5
90733,-1
90734,-1
90735,-1
90736,-1
90737,-1
90738,-1
90739,-1
90740,21.4
90741,-1
90742,31.1
90743,13.2
90744,58.2
90745,32.7
90746,27.7
90747,-1
90748,-1
90749,-1
90750,-1
90751,-1
90752,-1
90753,-1
90754,-1
90755,38.9
90756,-1
90757,-1
90758,-1
90759,-1
90760,-1
90761,-1
90762,-1
90763,-1
90764,-1
90765,-1
90766,-1
90767,-1
90768,-1
90769,-1
90770,-1
90771,-1
90772,-1
90773,-1
90774,-1
90775,-1
90776,-1
90777,-1
90778,-1
90779,-1
90780,-1
90781,-1
90782,-1
90783,-1
90784,-1
90785,-1
90786,-1
90787,-1
90788,-1
90789,-1
90790,-1
90791,-1
90792,-1
90793,-1
90794,-1
90795,-1
90796,-1
90797,-1
90798,-1
90799,-1
90800,-1
90801,-1
90802,57.3
90803,34.8
90804,62.6
90805,57.8
90806,58.9
90807,36.2
90808,26.1
90809,-1
90810,48.3
90811,-1
90812,-1
90813,67.1
90814,42.4
90815,29.3
90816,-1
90817,-1
90818,-1
90819,-1
90820,-1
90821,-1
90822,-1
90823,-1
90824,-1
90825,-1
90826,-1
90827,-1
90828,-1
90829,-1
90830,-1
90831,-1
90832,-1
90833,-1
90834,-1
90835,-1
90836,-1
90837,-1
90838,-1
90839,-1
90840,-1
90841,-1
90842,-1
90843,-1
90844,-1
90845,-1
90846,-1
90847,-1
90848,-1
90849,-1
90850,-1
90851,-1
90852,-1
90853,-1
90854,-1
90855,-1
90856,-1
90857,-1
90858,-1
90859,-1
90860,-1
90861,-1
90862,-1
90863,-1
90864,-1
90865,-1
90866,-1
90867,-1
90868,-1
90869,-1
90870,-1
90871,-1
90872,-1
90873,-1
90874,-1
90875,-1
90876,-1
90877,-1
90878,-1
90879,-1
90880,-1
90881,-1
90882,-1
90883,-1
90884,-1
90885,-1
90886,-1
90887,-1
90888,-1
90889,-1
90890,-1
90891,-1
90892,-1
90893,-1
90894,-1
90895,-1
90896,-1
90897,-1
90898,-1
90899,-1
90900,-1
90901,-1
90902,-1
90903,-1
90904,-1
90905,-1
90906,-1
90907,-1
90908,-1
90909,-1
90910,-1
90911,-1
90912,-1
90913,-1
90914,-1
90915,-1
90916,-1
90917,-1
90918,-1
90919,-1
90920,-1
90921,-1
90922,-1
90923,-1
90924,-1
90925,-1
90926,-1
90927,-1
90928,-1
90929,-1
90930,-1
90931,-1
90932,-1
90933,-1
90934,-1
90935,-1
90936,-1
90937,-1
90938,-1
90939,-1
90940,-1
90941,-1
90942,-1
90943,-1
90944,-1
90945,-1
90946,-1
90947,-1
90948,-1
90949,-1
90950,-1
90951,-1
90952,-1
90953,-1
90954,-1
90955,-1
90956,-1
90957,-1
90958,-1
90959,-1
90960,-1
90961,-1
90962,-1
90963,-1
90964,-1
90965,-1
90966,-1
90967,-1
90968,-1
90969,-1
90970,-1
90971,-1
90972,-1
90973,-1
90974,-1
90975,-1
90976,-1
90977,-1
90978,-1
90979,-1
90980,-1
90981,-1
90982,-1
90983,-1
90984,-1
90985,-1
90986,-1
90987,-1
90988,-1
90989,-1
90990,-1
90991,-1
90992,-1
90993,-1
90994,-1
90995,-1
90996,-1
90997,-1
90998,-1
90999,-1
91000,-1
91001,25.3
91002,-1
91003,-1
91004,-1
91005,-1
91006,19.6
91007,26
91008,21.4
91009,-1
91010,33.3
91011,5.6
91012,-1
91013,-1
91014,-1
91015,-1
91016,32.6
91017,-1
91018,-1
91019,-1
91020,38.7
91021,-1
91022,-1
91023,-1
91024,18.6
91025,-1
91026,-1
91027,-1
91028,-1
91029,-1
91030,27.6
91031,-1
91032,-1
91033,-1
91034,-1
91035,-1
91036,-1
91037,-1
91038,-1
91039,-1
91040,26.9
91041,-1
91042,37.1
91043,-1
91044,-1
91045,-1
91046,22.2
91047,-1
91048,-1
91049,-1
91050,-1
91051,-1
91052,-1
91053,-1
91054,-1
91055,-1
91056,-1
91057,-1
91058,-1
91059,-1
91060,-1
91061,-1
91062,-1
91063,-1
91064,-1
91065,-1
91066,-1
91067,-1
91068,-1
91069,-1
91070,-1
91071,-1
91072,-1
91073,-1
91074,-1
91075,-1
91076,-1
91077,-1
91078,-1
91079,-1
91080,-1
91081,-1
91082,-1
91083,-1
91084,-1
91085,-1
91086,-1
91087,-1
91088,-1
91089,-1
91090,-1
91091,-1
91092,-1
91093,-1
91094,-1
91095,-1
91096,-1
91097,-1
91098,-1
91099,-1
91100,-1
91101,39.2
91102,-1
91103,34.6
91104,24.6
91105,15.5
91106,21.5
91107,16.5
91108,9.1
91109,-1
91110,-1
91111,-1
91112,-1
91113,-1
91114,-1
91115,-1
91116,-1
91117,-1
91118,-1
91119,-1
91120,-1
91121,-1
91122,-1
91123,-1
91124,-1
91125,-1
91126,-1
91127,-1
91128,-1
91129,-1
91130,-1
91131,-1
91132,-1
91133,-1
91134,-1
91135,-1
91136,-1
91137,-1
91138,-1
91139,-1
91140,-1
91141,-1
91142,-1
91143,-1
91144,-1
91145,-1
91146,-1
91147,-1
91148,-1
91149,-1
91150,-1
91151,-1
91152,-1
91153,-1
91154,-1
91155,-1
91156,-1
91157,-1
91158,-1
91159,-1
91160,-1
91161,-1
91162,-1
91163,-1
91164,-1
91165,-1
91166,-1
91167,-1
91168,-1
91169,-1
91170,-1
91171,-1
91172,-1
91173,-1
91174,-1
91175,-1
91176,-1
91177,-1
91178,-1
91179,-1
91180,-1
91181,-1
91182,-1
91183,-1
91184,-1
91185,-1
91186,-1
91187,-1
91188,-1
91189,-1
91190,-1
91191,-1
91192,-1
91193,-1
91194,-1
91195,-1
91196,-1
91197,-1
91198,-1
91199,-1
91200,-1
91201,20.6
91202,17.3
91203,30.7
91204,36.8
91205,37.7
91206,22.7
91207,9.3
91208,8.6
91209,-1
91210,14.7
91211,-1
91212,-1
91213,-1
91214,8.7
91215,-1
91216,-1
91217,-1
91218,-1
91219,-1
91220,-1
91221,-1
91222,-1
91223,-1
91224,-1
91225,-1
91226,-1
91227,-1
91228,-1
91229,-1
91230,-1
91231,-1
91232,-1
91233,-1
91234,-1
91235,-1
91236,-1
91237,-1
91238,-1
91239,-1
91240,-1
91241,-1
91242,-1
91243,-1
91244,-1
91245,-1
91246,-1
91247,-1
91248,-1
91249,-1
91250,-1
91251,-1
91252,-1
91253,-1
91254,-1
91255,-1
91256,-1
91257,-1
91258,-1
91259,-1
91260,-1
91261,-1
91262,-1
91263,-1
91264,-1
91265,-1
91266,-1
91267,-1
91268,-1
91269,-1
91270,-1
91271,-1
91272,-1
91273,-1
91274,-1
91275,-1
91276,-1
91277,-1
91278,-1
91279,-1
91280,-1
91281,-1
91282,-1
91283,-1
91284,-1
91285,-1
91286,-1
91287,-1
91288,-1
91289,-1
91290,-1
91291,-1
91292,-1
91293,-1
91294,-1
91295,-1
91296,-1
91297,-1
91298,-1
91299,-1
91300,-1
91301,15.1
91302,17.6
91303,54
91304,37.5
91305,-1
91306,34.8
91307,23.1
91308,-1
91309,-1
91310,-1
91311,27.4
91312,-1
91313,-1
91314,-1
91315,-1
91316,32.6
91317,-1
91318,-1
91319,-1
91320,12.7
91321,19.4
91322,-1
91323,-1
91324,32.9
91325,34.7
91326,22.3
91327,-1
91328,-1
91329,-1
91330,-1
91331,43.3
91332,-1
91333,-1
91334,-1
91335,43
91336,-1
91337,-1
91338,-1
91339,-1
91340,42.1
91341,-1
91342,33.7
91343,42
91344,24.6
91345,28.6
91346,-1
91347,-1
91348,-1
91349,-1
91350,9.8
91351,8.8
91352,43.9
91353,-1
91354,9.6
91355,10.9
91356,29
91357,-1
91358,-1
91359,-1
91360,20.5
91361,13.4
91362,19
91363,-1
91364,24.9
91365,-1
91366,-1
91367,26.6
91368,-1
91369,-1
91370,-1
91371,-1
91372,-1
91373,-1
91374,-1
91375,-1
91376,-1
91377,12.5
91378,-1
91379,-1
91380,-1
91381,18.3
91382,-1
91383,-1
91384,21.2
91385,-1
91386,-1
91387,9.5
91388,-1
91389,-1
91390,9.5
91391,-1
91392,-1
91393,-1
91394,-1
91395,-1
91396,-1
91397,-1
91398,-1
91399,-1
91400,-1
91401,47.8
91402,55.9
91403,28.2
91404,-1
91405,57.6
91406,47.1
91407,-1
91408,-1
91409,-1
91410,-1
91411,55.4
91412,-1
91413,-1
91414,-1
91415,-1
91416,-1
91417,-1
91418,-1
91419,-1
91420,-1
91421,-1
91422,-1
91423,30.5
91424,-1
91425,-1
91426,-1
91427,-1
91428,-1
91429,-1
91430,-1
91431,-1
91432,-1
91433,-1
91434,-1
91435,-1
91436,19.8
91437,-1
91438,-1
91439,-1
91440,-1
91441,-1
91442,-1
91443,-1
91444,-1
91445,-1
91446,-1
91447,-1
91448,-1
91449,-1
91450,-1
91451,-1
91452,-1
91453,-1
91454,-1
91455,-1
91456,-1
91457,-1
91458,-1
91459,-1
91460,-1
91461,-1
91462,-1
91463,-1
91464,-1
91465,-1
91466,-1
91467,-1
91468,-1
91469,-1
91470,-1
91471,-1
91472,-1
91473,-1
91474,-1
91475,-1
91476,-1
91477,-1
91478,-1
91479,-1
91480,-1
91481,-1
91482,-1
91483,-1
91484,-1
91485,-1
91486,-1
91487,-1
91488,-1
91489,-1
91490,-1
91491,-1
91492,-1
91493,-1
91494,-1
91495,-1
91496,-1
91497,-1
91498,-1
91499,-1
91500,-1
91501,34.8
91502,54
91503,-1
91504,26.8
91505,31.3
91506,32.4
91507,-1
91508,-1
91509,-1
91510,-1
91511,-1
91512,-1
91513,-1
91514,-1
91515,-1
91516,-1
91517,-1
91518,-1
91519,-1
91520,-1
91521,-1
91522,-1
91523,-1
91524,-1
91525,-1
91526,-1
91527,-1
91528,-1
91529,-1
91530,-1
91531,-1
91532,-1
91533,-1
91534,-1
91535,-1
91536,-1
91537,-1
91538,-1
91539,-1
91540,-1
91541,-1
91542,-1
91543,-1
91544,-1
91545,-1
91546,-1
91547,-1
91548,-1
91549,-1
91550,-1
91551,-1
91552,-1
91553,-1
91554,-1
91555,-1
91556,-1
91557,-1
91558,-1
91559,-1
91560,-1
91561,-1
91562,-1
91563,-1
91564,-1
91565,-1
91566,-1
91567,-1
91568,-1
91569,-1
91570,-1
91571,-1
91572,-1
91573,-1
91574,-1
91575,-1
91576,-1
91577,-1
91578,-1
91579,-1
91580,-1
91581,-1
91582,-1
91583,-1
91584,-1
91585,-1
91586,-1
91587,-1
91588,-1
91589,-1
91590,-1
91591,-1
91592,-1
91593,-1
91594,-1
91595,-1
91596,-1
91597,-1
91598,-1
91599,-1
91600,-1
91601,55.4
91602,37.5
91603,-1
91604,31.3
91605,52.1
91606,50
91607,43.8
91608,-1
91609,-1
91610,-1
91611,-1
91612,-1
91613,-1
91614,-1
91615,-1
91616,-1
91617,-1
91618,-1
91619,-1
91620,-1
91621,-1
91622,-1
91623,-1
91624,-1
91625,-1
91626,-1
91627,-1
91628,-1
91629,-1
91630,-1
91631,-1
91632,-1
91633,-1
91634,-1
91635,-1
91636,-1
91637,-1
91638,-1
91639,-1
91640,-1
91641,-1
91642,-1
91643,-1
91644,-1
91645,-1
91646,-1
91647,-1
91648,-1
91649,-1
91650,-1
91651,-1
91652,-1
91653,-1
91654,-1
91655,-1
91656,-1
91657,-1
91658,-1
91659,-1
91660,-1
91661,-1
91662,-1
91663,-1
91664,-1
91665,-1
91666,-1
91667,-1
91668,-1
91669,-1
91670,-1
91671,-1
91672,-1
91673,-1
91674,-1
91675,-1
91676,-1
91677,-1
91678,-1
91679,-1
91680,-1
91681,-1
91682,-1
91683,-1
91684,-1
91685,-1
91686,-1
91687,-1
91688,-1
91689,-1
91690,-1
91691,-1
91692,-1
91693,-1
91694,-1
91695,-1
91696,-1
91697,-1
91698,-1
91699,-1
91700,-1
91701,14.9
91702,37.6
91703,-1
91704,-1
91705,-1
91706,38.4
91707,-1
91708,30.3
91709,13.8
91710,32.8
91711,19.8
91712,-1
91713,-1
91714,-1
91715,-1
91716,-1
91717,-1
91718,-1
91719,-1
91720,-1
91721,-1
91722,28.7
91723,39
91724,25.8
91725,-1
91726,-1
91727,-1
91728,-1
91729,-1
91730,36.7
91731,50.2
91732,49.1
91733,50.5
91734,-1
91735,-1
91736,-1
91737,19.8
91738,-1
91739,17
91740,27.9
91741,19.7
91742,-1
91743,-1
91744,39.9
91745,21.5
91746,35.7
91747,-1
91748,27.9
91749,-1
91750,20.2
91751,-1
91752,31.5
91753,-1
91754,34.3
91755,35.5
91756,-1
91757,-1
91758,-1
91759,17.9
91760,-1
91761,33.9
91762,43.7
91763,45.3
91764,45.3
91765,15.9
91766,45.3
91767,46.5
91768,47.9
91769,-1
91770,38.8
91771,-1
91772,-1
91773,20.7
91774,-1
91775,24.1
91776,39.7
91777,-1
91778,-1
91779,-1
91780,26.2
91781,-1
91782,-1
91783,-1
91784,9.9
91785,-1
91786,41.2
91787,-1
91788,-1
91789,13.8
91790,28.2
91791,27.7
91792,31.8
91793,-1
91794,-1
91795,-1
91796,-1
91797,-1
91798,-1
91799,-1
91800,-1
91801,40.6
91802,-1
91803,33.5
91804,-1
91805,-1
91806,-1
91807,-1
91808,-1
91809,-1
91810,-1
91811,-1
91812,-1
91813,-1
91814,-1
91815,-1
91816,-1
91817,-1
91818,-1
91819,-1
91820,-1
91821,-1
91822,-1
91823,-1
91824,-1
91825,-1
91826,-1
91827,-1
91828,-1
91829,-1
91830,-1
91831,-1
91832,-1
91833,-1
91834,-1
91835,-1
91836,-1
91837,-1
91838,-1
91839,-1
91840,-1
91841,-1
91842,-1
91843,-1
91844,-1
91845,-1
91846,-1
91847,-1
91848,-1
91849,-1
91850,-1
91851,-1
91852,-1
91853,-1
91854,-1
91855,-1
91856,-1
91857,-1
91858,-1
91859,-1
91860,-1
91861,-1
91862,-1
91863,-1
91864,-1
91865,-1
91866,-1
91867,-1
91868,-1
91869,-1
91870,-1
91871,-1
91872,-1
91873,-1
91874,-1
91875,-1
91876,-1
91877,-1
91878,-1
91879,-1
91880,-1
91881,-1
91882,-1
91883,-1
91884,-1
91885,-1
91886,-1
91887,-1
91888,-1
91889,-1
91890,-1
91891,-1
91892,-1
91893,-1
91894,-1
91895,-1
91896,-1
91897,-1
91898,-1
91899,-1
91900,-1
91901,20.1
91902,19.2
91903,-1
91904,-1
91905,40.7
91906,42.6
91907,-1
91908,-1
91909,-1
91910,39.4
91911,42.2
91912,-1
91913,22.8
91914,10.4
91915,15.1
91916,11.7
91917,20.2
91918,-1
91919,-1
91920,-1
91921,-1
91922,-1
91923,-1
91924,-1
91925,-1
91926,-1
91927,-1
91928,-1
91929,-1
91930,-1
91931,65.1
91932,50.4
91933,-1
91934,16.3
91935,16.7
91936,-1
91937,-1
91938,-1
91939,-1
91940,-1
91941,28.7
91942,38.3
91943,-1
91944,-1
91945,41.8
91946,-1
91947,-1
91948,21.5
91949,-1
91950,53.2
91951,-1
91952,-1
91953,-1
91954,-1
91955,-1
91956,-1
91957,-1
91958,-1
91959,-1
91960,-1
91961,-1
91962,15.6
91963,38.2
91964,-1
91965,-1
91966,-1
91967,-1
91968,-1
91969,-1
91970,-1
91971,-1
91972,-1
91973,-1
91974,-1
91975,-1
91976,-1
91977,35.2
91978,29.6
91979,-1
91980,65.1
91981,-1
91982,-1
91983,-1
91984,-1
91985,-1
91986,-1
91987,-1
91988,-1
91989,-1
91990,-1
91991,-1
91992,-1
91993,-1
91994,-1
91995,-1
91996,-1
91997,-1
91998,-1
91999,-1
92000,-1
92001,-1
92002,-1
92003,21.5
92004,37.1
92005,-1
92006,-1
92007,24.6
92008,29.9
92009,14.7
92010,20.5
92011,18.9
92012,-1
92013,-1
92014,19.8
92015,-1
92016,-1
92017,-1
92018,-1
92019,25.3
92020,42.4
92021,39.5
92022,-1
92023,-1
92024,20.1
92025,42.9
92026,32
92027,35.5
92028,24.1
92029,19
92030,-1
92031,-1
92032,-1
92033,-1
92034,-1
92035,-1
92036,24.4
92037,20.6
92038,-1
92039,-1
92040,26.6
92041,-1
92042,-1
92043,-1
92044,-1
92045,-1
92046,-1
92047,-1
92048,-1
92049,-1
92050,-1
92051,-1
92052,-1
92053,-1
92054,38.3
92055,61.7
92056,26.1
92057,28
92058,33.9
92059,28.5
92060,16.7
92061,18.3
92062,-1
92063,-1
92064,16.3
92065,21.2
92066,17.1
92067,12.2
92068,-1
92069,29.9
92070,35
92071,23.6
92072,-1
92073,-1
92074,-1
92075,22.2
92076,-1
92077,-1
92078,24
92079,-1
92080,-1
92081,30.3
92082,21.5
92083,40.1
92084,34.9
92085,-1
92086,21.9
92087,-1
92088,-1
92089,-1
92090,-1
92091,11.9
92092,-1
92093,-1
92094,-1
92095,-1
92096,-1
92097,-1
92098,-1
92099,-1
92100,-1
92101,44.2
92102,55.8
92103,29.9
92104,41.8
92105,56.3
92106,21.5
92107,30.8
92108,33.8
92109,36.5
92110,30
92111,32.6
92112,-1
92113,63.4
92114,31.9
92115,46.6
92116,39.2
92117,25.2
92118,21.8
92119,20.9
92120,20.4
92121,20.9
92122,24.3
92123,25.9
92124,22.1
92125,-1
92126,21.6
92127,18.1
92128,19.8
92129,19.5
92130,18.6
92131,17.1
92132,-1
92133,-1
92134,-1
92135,-1
92136,-1
92137,-1
92138,-1
92139,31.3
92140,36.5
92141,-1
92142,-1
92143,-1
92144,-1
92145,17.2
92146,-1
92147,-1
92148,-1
92149,-1
92150,-1
92151,-1
92152,-1
92153,-1
92154,32.9
92155,-1
92156,-1
92157,-1
92158,-1
92159,-1
92160,-1
92161,-1
92162,-1
92163,-1
92164,-1
92165,-1
92166,-1
92167,-1
92168,-1
92169,-1
92170,-1
92171,-1
92172,-1
92173,60.1
92174,-1
92175,-1
92176,-1
92177,-1
92178,-1
92179,-1
92180,-1
92181,-1
92182,-1
92183,-1
92184,-1
92185,-1
92186,-1
92187,-1
92188,-1
92189,-1
92190,-1
92191,-1
92192,-1
92193,-1
92194,-1
92195,-1
92196,-1
92197,-1
92198,-1
92199,-1
92200,-1
92201,46.2
92202,-1
92203,29.3
92204,-1
92205,-1
92206,-1
92207,-1
92208,-1
92209,-1
92210,10.2
92211,21.2
92212,-1
92213,-1
92214,-1
92215,-1
92216,-1
92217,-1
92218,-1
92219,-1
92220,43.7
92221,-1
92222,-1
92223,24.7
92224,-1
92225,52.1
92226,-1
92227,49.6
92228,-1
92229,-1
92230,62.8
92231,46.7
92232,-1
92233,59.2
92234,38.9
92235,-1
92236,46.8
92237,-1
92238,-1
92239,29.5
92240,56.7
92241,37.6
92242,46.9
92243,49.2
92244,-1
92245,-1
92246,-1
92247,-1
92248,-1
92249,37.7
92250,39.5
92251,26.9
92252,44
92253,24.1
92254,51.2
92255,-1
92256,40.5
92257,47.8
92258,47.9
92259,64.6
92260,31.4
92261,-1
92262,44.3
92263,-1
92264,41.8
92265,-1
92266,59
92267,22.2
92268,20.2
92269,-1
92270,20.7
92271,-1
92272,-1
92273,58.3
92274,51.8
92275,45.1
92276,36.1
92277,41.9
92278,47.2
92279,-1
92280,22.2
92281,53.4
92282,61.6
92283,57.1
92284,39.6
92285,49.9
92286,-1
92287,-1
92288,-1
92289,-1
92290,-1
92291,-1
92292,-1
92293,-1
92294,-1
92295,-1
92296,-1
92297,-1
92298,-1
92299,-1
92300,-1
92301,61.8
92302,-1
92303,-1
92304,22.2
92305,22.3
92306,-1
92307,32.2
92308,38.4
92309,63.9
92310,34.4
92311,62.4
92312,-1
92313,30.4
92314,35.4
92315,44.9
92316,38.5
92317,-1
92318,-1
92319,-1
92320,24.3
92321,31.8
92322,38.7
92323,-1
92324,45.3
92325,31.2
92326,-1
92327,69.3
92328,46.5
92329,-1
92330,-1
92331,-1
92332,22.2
92333,20.7
92334,-1
92335,47
92336,25.6
92337,29.4
92338,-1
92339,18.2
92340,-1
92341,63.1
92342,21
92343,-1
92344,21.6
92345,43.4
92346,37
92347,38.2
92348,-1
92349,-1
92350,-1
92351,-1
92352,26.8
92353,-1
92354,35.7
92355,-1
92356,54.1
92357,-1
92358,36.5
92359,32.8
92360,-1
92361,-1
92362,-1
92363,53.5
92364,-1
92365,20.8
92366,-1
92367,-1
92368,55.5
92369,-1
92370,-1
92371,30.1
92372,28.5
92373,33.4
92374,34.6
92375,-1
92376,45.6
92377,24.4
92378,10.7
92379,-1
92380,-1
92381,-1
92382,33.2
92383,-1
92384,21.5
92385,31.1
92386,48.8
92387,-1
92388,-1
92389,63.9
92390,-1
92391,35.6
92392,43.2
92393,-1
92394,46.8
92395,49.7
92396,-1
92397,24
92398,27.9
92399,28.4
92400,-1
92401,78.7
92402,-1
92403,-1
92404,76.1
92405,76.6
92406,-1
92407,66
92408,76.5
92409,-1
92410,78.3
92411,77.9
92412,-1
92413,-1
92414,-1
92415,-1
92416,-1
92417,-1
92418,-1
92419,-1
92420,-1
92421,-1
92422,-1
92423,-1
92424,-1
92425,-1
92426,-1
92427,-1
92428,-1
92429,-1
92430,-1
92431,-1
92432,-1
92433,-1
92434,-1
92435,-1
92436,-1
92437,-1
92438,-1
92439,-1
92440,-1
92441,-1
92442,-1
92443,-1
92444,-1
92445,-1
92446,-1
92447,-1
92448,-1
92449,-1
92450,-1
92451,-1
92452,-1
92453,-1
92454,-1
92455,-1
92456,-1
92457,-1
92458,-1
92459,-1
92460,-1
92461,-1
92462,-1
92463,-1
92464,-1
92465,-1
92466,-1
92467,-1
92468,-1
92469,-1
92470,-1
92471,-1
92472,-1
92473,-1
92474,-1
92475,-1
92476,-1
92477,-1
92478,-1
92479,-1
92480,-1
92481,-1
92482,-1
92483,-1
92484,-1
92485,-1
92486,-1
92487,-1
92488,-1
92489,-1
92490,-1
92491,-1
92492,-1
92493,-1
92494,-1
92495,-1
92496,-1
92497,-1
92498,-1
92499,-1
92500,-1
92501,48.5
92502,-1
92503,33.6
92504,35.8
92505,38.4
92506,25.3
92507,51.9
92508,23.1
92509,35.3
92510,-1
92511,-1
92512,-1
92513,-1
92514,-1
92515,-1
92516,-1
92517,-1
92518,37.1
92519,-1
92520,-1
92521,-1
92522,-1
92523,-1
92524,-1
92525,-1
92526,-1
92527,-1
92528,-1
92529,-1
92530,40
92531,-1
92532,22.4
92533,-1
92534,-1
92535,-1
92536,26
92537,-1
92538,-1
92539,35.1
92540,-1
92541,-1
92542,-1
92543,55.4
92544,38.2
92545,37.3
92546,-1
92547,-1
92548,42.2
92549,27.8
92550,-1
92551,40.9
92552,-1
92553,48.1
92554,-1
92555,26.5
92556,-1
92557,33.7
92558,-1
92559,-1
92560,-1
92561,29.2
92562,22.7
92563,20.1
92564,-1
92565,-1
92566,-1
92567,31.7
92568,-1
92569,-1
92570,45.1
92571,39.5
92572,-1
92573,-1
92574,-1
92575,-1
92576,-1
92577,-1
92578,-1
92579,-1
92580,-1
92581,-1
92582,27.7
92583,42
92584,17
92585,25.5
92586,35.9
92587,22.1
92588,-1
92589,-1
92590,41.3
92591,27
92592,15.8
92593,-1
92594,-1
92595,27.9
92596,17.3
92597,-1
92598,-1
92599,-1
92600,-1
92601,-1
92602,8.3
92603,7.6
92604,8.4
92605,-1
92606,9
92607,-1
92608,-1
92609,-1
92610,11.3
92611,-1
92612,15.8
92613,-1
92614,8.5
92615,-1
92616,-1
92617,9.2
92618,8.5
92619,-1
92620,8.1
92621,-1
92622,-1
92623,-1
92624,19.4
92625,10.2
92626,32.8
92627,42.1
92628,-1
92629,21.2
92630,23.4
92631,-1
92632,-1
92633,-1
92634,-1
92635,-1
92636,-1
92637,23.9
92638,-1
92639,-1
92640,-1
92641,-1
92642,-1
92643,-1
92644,-1
92645,-1
92646,17.8
92647,35.4
92648,27
92649,23.4
92650,-1
92651,19.9
92652,-1
92653,19.9
92654,-1
92655,50.4
92656,18.6
92657,8.9
92658,-1
92659,-1
92660,11.2
92661,12
92662,11.1
92663,12.2
92664,-1
92665,-1
92666,-1
92667,-1
92668,-1
92669,-1
92670,-1
92671,-1
92672,25.1
92673,8.2
92674,-1
92675,21.4
92676,14
92677,16.8
92678,24.3
92679,4.9
92680,-1
92681,-1
92682,-1
92683,35
92684,-1
92685,-1
92686,-1
92687,-1
92688,17.5
92689,-1
92690,-1
92691,15.2
92692,11.8
92693,-1
92694,8.2
92695,-1
92696,-1
92697,-1
92698,-1
92699,-1
92700,-1
92701,58.9
92702,-1
92703,50.1
92704,41.6
92705,25.3
92706,42
92707,43.2
92708,20.5
92709,-1
92710,-1
92711,-1
92712,-1
92713,-1
92714,-1
92715,-1
92716,-1
92717,-1
92718,-1
92719,-1
92720,-1
92721,-1
92722,-1
92723,-1
92724,-1
92725,-1
92726,-1
92727,-1
92728,-1
92729,-1
92730,-1
92731,-1
92732,-1
92733,-1
92734,-1
92735,-1
92736,-1
92737,-1
92738,-1
92739,-1
92740,-1
92741,-1
92742,-1
92743,-1
92744,-1
92745,-1
92746,-1
92747,-1
92748,-1
92749,-1
92750,-1
92751,-1
92752,-1
92753,-1
92754,-1
92755,-1
92756,-1
92757,-1
92758,-1
92759,-1
92760,-1
92761,-1
92762,-1
92763,-1
92764,-1
92765,-1
92766,-1
92767,-1
92768,-1
92769,-1
92770,-1
92771,-1
92772,-1
92773,-1
92774,-1
92775,-1
92776,-1
92777,-1
92778,-1
92779,-1
92780,36.7
92781,-1
92782,23.1
92783,-1
92784,-1
92785,-1
92786,-1
92787,-1
92788,-1
92789,-1
92790,-1
92791,-1
92792,-1
92793,-1
92794,-1
92795,-1
92796,-1
92797,-1
92798,-1
92799,-1
92800,-1
92801,43.7
92802,43.5
92803,-1
92804,37.1
92805,41.8
92806,34.2
92807,16.8
92808,17
92809,-1
92810,-1
92811,-1
92812,-1
92813,-1
92814,-1
92815,-1
92816,-1
92817,-1
92818,-1
92819,-1
92820,-1
92821,23.9
92822,-1
92823,5
92824,-1
92825,-1
92826,-1
92827,-1
92828,-1
92829,-1
92830,-1
92831,35.7
92832,42
92833,29.3
92834,-1
92835,18.4
92836,-1
92837,-1
92838,-1
92839,-1
92840,35.7
92841,38.5
92842,-1
92843,40.1
92844,42
92845,18.1
92846,-1
92847,-1
92848,-1
92849,-1
92850,-1
92851,-1
92852,-1
92853,-1
92854,-1
92855,-1
92856,-1
92857,-1
92858,-1
92859,-1
92860,20.3
92861,5.2
92862,-1
92863,-1
92864,-1
92865,24.6
92866,41.9
92867,24.1
92868,44
92869,19.9
92870,23.2
92871,-1
92872,-1
92873,-1
92874,-1
92875,-1
92876,-1
92877,-1
92878,-1
92879,30.4
92880,17.3
92881,15.7
92882,25.4
92883,13.6
92884,-1
92885,-1
92886,8.9
92887,7.6
92888,-1
92889,-1
92890,-1
92891,-1
92892,-1
92893,-1
92894,-1
92895,-1
92896,-1
92897,-1
92898,-1
92899,-1
92900,-1
92901,-1
92902,-1
92903,-1
92904,-1
92905,-1
92906,-1
92907,-1
92908,-1
92909,-1
92910,-1
92911,-1
92912,-1
92913,-1
92914,-1
92915,-1
92916,-1
92917,-1
92918,-1
92919,-1
92920,-1
92921,-1
92922,-1
92923,-1
92924,-1
92925,-1
92926,-1
92927,-1
92928,-1
92929,-1
92930,-1
92931,-1
92932,-1
92933,-1
92934,-1
92935,-1
92936,-1
92937,-1
92938,-1
92939,-1
92940,-1
92941,-1
92942,-1
92943,-1
92944,-1
92945,-1
92946,-1
92947,-1
92948,-1
92949,-1
92950,-1
92951,-1
92952,-1
92953,-1
92954,-1
92955,-1
92956,-1
92957,-1
92958,-1
92959,-1
92960,-1
92961,-1
92962,-1
92963,-1
92964,-1
92965,-1
92966,-1
92967,-1
92968,-1
92969,-1
92970,-1
92971,-1
92972,-1
92973,-1
92974,-1
92975,-1
92976,-1
92977,-1
92978,-1
92979,-1
92980,-1
92981,-1
92982,-1
92983,-1
92984,-1
92985,-1
92986,-1
92987,-1
92988,-1
92989,-1
92990,-1
92991,-1
92992,-1
92993,-1
92994,-1
92995,-1
92996,-1
92997,-1
92998,-1
92999,-1
93000,-1
93001,40.8
93002,-1
93003,31.3
93004,26.5
93005,-1
93006,-1
93007,-1
93008,-1
93009,-1
93010,22.3
93011,-1
93012,14.5
93013,26.1
93014,-1
93015,31.3
93016,-1
93017,-1
93018,-1
93019,-1
93020,-1
93021,15.1
93022,18.6
93023,25.1
93024,-1
93025,-1
93026,-1
93027,-1
93028,-1
93029,-1
93030,41.6
93031,-1
93032,-1
93033,44.5
93034,-1
93035,30.5
93036,39.9
93037,-1
93038,-1
93039,-1
93040,33.9
93041,37.2
93042,-1
93043,61.5
93044,-1
93045,-1
93046,-1
93047,-1
93048,-1
93049,-1
93050,-1
93051,-1
93052,-1
93053,-1
93054,-1
93055,-1
93056,-1
93057,-1
93058,-1
93059,-1
93060,39.3
93061,-1
93062,-1
93063,21.9
93064,-1
93065,18.3
93066,15.2
93067,34.3
93068,-1
93069,-1
93070,-1
93071,-1
93072,-1
93073,-1
93074,-1
93075,-1
93076,-1
93077,-1
93078,-1
93079,-1
93080,-1
93081,-1
93082,-1
93083,-1
93084,-1
93085,-1
93086,-1
93087,-1
93088,-1
93089,-1
93090,-1
93091,-1
93092,-1
93093,-1
93094,-1
93095,-1
93096,-1
93097,-1
93098,-1
93099,-1
93100,-1
93101,49.8
93102,-1
93103,34.6
93104,-1
93105,23.3
93106,-1
93107,-1
93108,16.9
93109,23.1
93110,28.8
93111,18.4
93112,-1
93113,-1
93114,-1
93115,-1
93116,-1
93117,32
93118,-1
93119,-1
93120,-1
93121,-1
93122,-1
93123,-1
93124,-1
93125,-1
93126,-1
93127,-1
93128,-1
93129,-1
93130,-1
93131,-1
93132,-1
93133,-1
93134,-1
93135,-1
93136,-1
93137,-1
93138,-1
93139,-1
93140,-1
93141,-1
93142,-1
93143,-1
93144,-1
93145,-1
93146,-1
93147,-1
93148,-1
93149,-1
93150,-1
93151,-1
93152,-1
93153,-1
93154,-1
93155,-1
93156,-1
93157,-1
93158,-1
93159,-1
93160,-1
93161,-1
93162,-1
93163,-1
93164,-1
93165,-1
93166,-1
93167,-1
93168,-1
93169,-1
93170,-1
93171,-1
93172,-1
93173,-1
93174,-1
93175,-1
93176,-1
93177,-1
93178,-1
93179,-1
93180,-1
93181,-1
93182,-1
93183,-1
93184,-1
93185,-1
93186,-1
93187,-1
93188,-1
93189,-1
93190,-1
93191,-1
93192,-1
93193,-1
93194,-1
93195,-1
93196,-1
93197,-1
93198,-1
93199,-1
93200,-1
93201,57.8
93202,39.8
93203,54.7
93204,59.7
93205,48.2
93206,51
93207,40.4
93208,21.5
93209,-1
93210,51.3
93211,-1
93212,62.1
93213,-1
93214,-1
93215,46.1
93216,-1
93217,-1
93218,52.2
93219,59.8
93220,66.6
93221,33.3
93222,37.1
93223,44.5
93224,38.7
93225,41.8
93226,21.7
93227,-1
93228,-1
93229,-1
93230,41
93231,-1
93232,-1
93233,-1
93234,66.1
93235,49.9
93236,-1
93237,-1
93238,16.8
93239,49.8
93240,39.4
93241,56.9
93242,46
93243,49.1
93244,11.6
93245,39.1
93246,-1
93247,48.5
93248,-1
93249,46.4
93250,48
93251,35.5
93252,51.7
93253,-1
93254,36.2
93255,53
93256,56.8
93257,49.6
93258,61.7
93259,-1
93260,46
93261,62.1
93262,-1
93263,45.2
93264,-1
93265,22.3
93266,63.5
93267,61.8
93268,50.6
93269,-1
93270,44.2
93271,19.2
93272,51.3
93273,-1
93274,44.3
93275,-1
93276,55.7
93277,39.8
93278,-1
93279,-1
93280,53
93281,-1
93282,-1
93283,38.8
93284,-1
93285,23.4
93286,44
93287,21.2
93288,-1
93289,-1
93290,-1
93291,42
93292,40.5
93293,-1
93294,-1
93295,-1
93296,-1
93297,-1
93298,-1
93299,-1
93300,-1
93301,64.5
93302,-1
93303,-1
93304,59.7
93305,64.2
93306,34
93307,55.7
93308,49.2
93309,47.2
93310,-1
93311,19.2
93312,19.2
93313,22.3
93314,10.8
93315,-1
93316,-1
93317,-1
93318,-1
93319,-1
93320,-1
93321,-1
93322,-1
93323,-1
93324,-1
93325,-1
93326,-1
93327,-1
93328,-1
93329,-1
93330,-1
93331,-1
93332,-1
93333,-1
93334,-1
93335,-1
93336,-1
93337,-1
93338,-1
93339,-1
93340,-1
93341,-1
93342,-1
93343,-1
93344,-1
93345,-1
93346,-1
93347,-1
93348,-1
93349,-1
93350,-1
93351,-1
93352,-1
93353,-1
93354,-1
93355,-1
93356,-1
93357,-1
93358,-1
93359,-1
93360,-1
93361,-1
93362,-1
93363,-1
93364,-1
93365,-1
93366,-1
93367,-1
93368,-1
93369,-1
93370,-1
93371,-1
93372,-1
93373,-1
93374,-1
93375,-1
93376,-1
93377,-1
93378,-1
93379,-1
93380,-1
93381,-1
93382,-1
93383,-1
93384,-1
93385,-1
93386,-1
93387,-1
93388,-1
93389,-1
93390,-1
93391,-1
93392,-1
93393,-1
93394,-1
93395,-1
93396,-1
93397,-1
93398,-1
93399,-1
93400,-1
93401,34.6
93402,21.3
93403,-1
93404,-1
93405,40.3
93406,-1
93407,-1
93408,-1
93409,-1
93410,-1
93411,-1
93412,-1
93413,-1
93414,-1
93415,-1
93416,-1
93417,-1
93418,-1
93419,-1
93420,19.7
93421,-1
93422,21.8
93423,-1
93424,20.7
93425,-1
93426,14.4
93427,19.8
93428,20.9
93429,2.5
93430,24
93431,-1
93432,13.9
93433,41.6
93434,41.9
93435,-1
93436,42
93437,23
93438,-1
93439,-1
93440,34.1
93441,14.7
93442,30.7
93443,-1
93444,20.2
93445,38.8
93446,25.2
93447,-1
93448,-1
93449,23.7
93450,64.4
93451,29.7
93452,50.8
93453,29.1
93454,40.4
93455,20.3
93456,-1
93457,-1
93458,49
93459,-1
93460,15.1
93461,35.5
93462,-1
93463,29.6
93464,-1
93465,16.6
93466,-1
93467,-1
93468,-1
93469,-1
93470,-1
93471,-1
93472,-1
93473,-1
93474,-1
93475,-1
93476,-1
93477,-1
93478,-1
93479,-1
93480,-1
93481,-1
93482,-1
93483,-1
93484,-1
93485,-1
93486,-1
93487,-1
93488,-1
93489,-1
93490,-1
93491,-1
93492,-1
93493,-1
93494,-1
93495,-1
93496,-1
93497,-1
93498,-1
93499,-1
93500,-1
93501,54.3
93502,-1
93503,-1
93504,-1
93505,55.3
93506,-1
93507,-1
93508,-1
93509,-1
93510,14.7
93511,-1
93512,32.9
93513,29
93514,34.7
93515,-1
93516,56.2
93517,38.1
93518,41.1
93519,-1
93520,-1
93521,-1
93522,17
93523,20.9
93524,-1
93525,-1
93526,34.4
93527,32.8
93528,-1
93529,9.7
93530,21.5
93531,10
93532,31.2
93533,-1
93534,58.6
93535,51.7
93536,34
93537,-1
93538,-1
93539,-1
93540,-1
93541,36
93542,-1
93543,41.8
93544,24.5
93545,45.3
93546,34.6
93547,-1
93548,-1
93549,31
93550,53.4
93551,21.8
93552,36
93553,32.7
93554,21.3
93555,35.9
93556,-1
93557,-1
93558,54.1
93559,-1
93560,36.2
93561,29.2
93562,50.2
93563,22.6
93564,-1
93565,-1
93566,-1
93567,-1
93568,-1
93569,-1
93570,-1
93571,-1
93572,-1
93573,-1
93574,-1
93575,-1
93576,-1
93577,-1
93578,-1
93579,-1
93580,-1
93581,-1
93582,-1
93583,-1
93584,-1
93585,-1
93586,-1
93587,-1
93588,-1
93589,-1
93590,-1
93591,41.3
93592,16.4
93593,-1
93594,-1
93595,-1
93596,-1
93597,-1
93598,-1
93599,-1
