zip code,state,total population,urban population,rural population,urban percent,rural percent,housing units,housing units urban,housing units rural,housing units urban percent,housing units rural percent,land area,population density
90001,CA,57110,57110,0,100,0,13788,13788,0,100,0,3.502,16305.625
90002,CA,51223,51223,0,100,0,12598,12598,0,100,0,3.062,16728.31
90003,CA,66266,66266,0,100,0,17127,17127,0,100,0,3.551,18660.016
90004,CA,62180,62180,0,100,0,24278,24278,0,100,0,3.048,20399.618
90005,CA,37681,37681,0,100,0,16345,16345,0,100,0,1.084,34760.921
90006,CA,59185,59185,0,100,0,20332,20332,0,100,0,1.92,30828.8
90007,CA,40920,40920,0,100,0,12762,12762,0,100,0,2.466,16593.394
90008,CA,32327,32327,0,100,0,15006,15006,0,100,0,3.673,8800.879
90010,CA,3800,3800,0,100,0,2382,2382,0,100,0,0.457,8309.338
90011,CA,103892,103892,0,100,0,23547,23547,0,100,0,4.286,24240.428
90012,CA,31103,31103,0,100,0,11370,11370,0,100,0,3.234,9617.916
90013,CA,11772,11772,0,100,0,7516,7516,0,100,0,0.671,17545.993
90014,CA,7005,7005,0,100,0,4990,4990,0,100,0,0.283,24736.775
90015,CA,18986,18986,0,100,0,8245,8245,0,100,0,1.711,11099.645
90016,CA,47596,47596,0,100,0,17204,17204,0,100,0,3.627,13122.643
90017,CA,23768,23768,0,100,0,10610,10610,0,100,0,0.726,32725.314
90018,CA,49310,49310,0,100,0,16658,16658,0,100,0,2.896,17027.597
90019,CA,64458,64458,0,100,0,25116,25116,0,100,0,3.888,16578.408
90020,CA,38967,38967,0,100,0,17900,17900,0,100,0,1.13,34474.723
90021,CA,3951,3951,0,100,0,1761,1761,0,100,0,2.07,1908.245
90022,CA,67179,67179,0,100,0,17713,17713,0,100,0,4.381,15334.351
90023,CA,45903,45903,0,100,0,11259,11259,0,100,0,4.225,10865.856
90024,CA,47452,47452,0,100,0,19932,19932,0,100,0,2.938,16153.583
90025,CA,42147,42147,0,100,0,23058,23058,0,100,0,2.57,16402.312
90026,CA,67869,67869,0,100,0,26686,26686,0,100,0,4.225,16063.39
90027,CA,45151,45141,10,99.98,0.02,23390,23386,4,99.98,0.02,8.264,5463.789
90028,CA,28714,28714,0,100,0,17126,17126,0,100,0,1.524,18837.684
90029,CA,38617,38617,0,100,0,14723,14723,0,100,0,1.362,28358.533
90031,CA,39316,39316,0,100,0,11903,11903,0,100,0,3.454,11382.521
90032,CA,45786,45786,0,100,0,13521,13521,0,100,0,4.767,9604.334
90033,CA,48852,48852,0,100,0,13690,13690,0,100,0,3.267,14953.516
90034,CA,57964,57964,0,100,0,27210,27210,0,100,0,3.113,18620.724
90035,CA,28418,28418,0,100,0,14030,14030,0,100,0,2.058,13808.485
90036,CA,36865,36865,0,100,0,19920,19920,0,100,0,2.471,14921.899
90037,CA,62276,62276,0,100,0,17192,17192,0,100,0,2.838,21941.24
90038,CA,28917,28917,0,100,0,12812,12812,0,100,0,1.566,18459.647
90039,CA,28514,28514,0,100,0,12127,12127,0,100,0,3.77,7563.259
90040,CA,12520,12520,0,100,0,3397,3397,0,100,0,5.581,2243.314
90041,CA,27425,27425,0,100,0,9998,9998,0,100,0,3.611,7594.542
90042,CA,62430,62430,0,100,0,21018,21018,0,100,0,4.644,13443.721
90043,CA,44789,44789,0,100,0,17172,17172,0,100,0,4.134,10835.506
90044,CA,89779,89779,0,100,0,27479,27479,0,100,0,5.137,17478.171
90045,CA,39480,39480,0,100,0,16127,16127,0,100,0,10.726,3680.93
90046,CA,48581,48581,0,100,0,30688,30688,0,100,0,5.78,8404.53
90047,CA,48606,48606,0,100,0,17150,17150,0,100,0,4.73,10275.087
90048,CA,21397,21397,0,100,0,12939,12939,0,100,0,1.885,11349.872
90049,CA,35482,33735,1747,95.08,4.92,18097,17375,722,96.01,3.99,15.021,2362.108
90056,CA,7827,7827,0,100,0,3518,3518,0,100,0,1.58,4955.283
90057,CA,44998,44998,0,100,0,17247,17247,0,100,0,0.886,50810.47
90058,CA,3223,3223,0,100,0,921,921,0,100,0,5.808,554.93
90059,CA,40952,40952,0,100,0,10617,10617,0,100,0,3.313,12359.216
90061,CA,26872,26872,0,100,0,7385,7385,0,100,0,2.662,10093.701
90062,CA,32821,32821,0,100,0,9795,9795,0,100,0,1.934,16972.899
90063,CA,55758,55758,0,100,0,14012,14012,0,100,0,3.273,17037.618
90064,CA,25403,25403,0,100,0,11540,11540,0,100,0,4,6350.439
90065,CA,45527,45527,0,100,0,15288,15288,0,100,0,5.279,8624.789
90066,CA,55277,55277,0,100,0,25319,25319,0,100,0,4.922,11231.434
90067,CA,2424,2424,0,100,0,1808,1808,0,100,0,0.328,7386.949
90068,CA,22286,22282,4,99.98,0.02,13901,13898,3,99.98,0.02,7.618,2925.33
90069,CA,20483,20483,0,100,0,14781,14781,0,100,0,2.114,9688.241
90071,CA,15,15,0,100,0,0,0,0,0,0,0.123,121.727
90073,CA,539,539,0,100,0,4,4,0,100,0,0.339,1591.116
90077,CA,9377,9377,0,100,0,3888,3888,0,100,0,7.331,1279.173
90079,CA,0,0,0,0,0,0,0,0,0,0,0.01,0
90089,CA,3217,3217,0,100,0,31,31,0,100,0,0.287,11217.624
90090,CA,0,0,0,0,0,0,0,0,0,0,0.231,0
90094,CA,5464,5464,0,100,0,3168,3168,0,100,0,0.611,8941.992
90095,CA,3,3,0,100,0,2,2,0,100,0,0.395,7.591
90201,CA,101279,101279,0,100,0,24940,24940,0,100,0,5.936,17060.45
90210,CA,21741,21741,0,100,0,9563,9563,0,100,0,10.126,2147.045
90211,CA,8434,8434,0,100,0,4052,4052,0,100,0,0.7,12042.006
90212,CA,11555,11555,0,100,0,6170,6170,0,100,0,0.955,12095.934
90220,CA,49328,49328,0,100,0,13498,13498,0,100,0,6.91,7138.152
90221,CA,53704,53704,0,100,0,12368,12368,0,100,0,5.332,10072.201
90222,CA,31869,31869,0,100,0,8026,8026,0,100,0,2.557,12464.805
90230,CA,31766,31766,0,100,0,13344,13344,0,100,0,4.507,7048.382
90232,CA,15149,15149,0,100,0,6944,6944,0,100,0,2.106,7192.835
90240,CA,25876,25876,0,100,0,7991,7991,0,100,0,2.944,8789.466
90241,CA,42399,42399,0,100,0,14316,14316,0,100,0,4.926,8607.293
90242,CA,43497,43497,0,100,0,13294,13294,0,100,0,4.551,9558.531
90245,CA,16654,16654,0,100,0,7410,7410,0,100,0,5.463,3048.735
90247,CA,47487,47487,0,100,0,16620,16620,0,100,0,3.754,12649.116
90248,CA,9947,9947,0,100,0,3573,3573,0,100,0,4.693,2119.421
90249,CA,26669,26669,0,100,0,9214,9214,0,100,0,2.978,8955.594
90250,CA,93193,93193,0,100,0,32600,32600,0,100,0,6.695,13919.618
90254,CA,19506,19506,0,100,0,10162,10162,0,100,0,1.427,13664.703
90255,CA,75066,75066,0,100,0,19118,19118,0,100,0,3.718,20189.24
90260,CA,34924,34924,0,100,0,10879,10879,0,100,0,2.68,13030.969
90262,CA,69745,69745,0,100,0,15266,15266,0,100,0,4.833,14430.902
90263,CA,1612,1612,0,100,0,0,0,0,0,0,0.226,7135.319
90265,CA,18116,12929,5187,71.37,28.63,9033,6902,2131,76.41,23.59,107.794,168.062
90266,CA,35135,35135,0,100,0,14929,14929,0,100,0,3.936,8925.874
90270,CA,27372,27372,0,100,0,6761,6761,0,100,0,1.262,21694.246
90272,CA,22986,22818,168,99.27,0.73,9815,9732,83,99.15,0.85,22.832,1006.755
90274,CA,25209,25209,0,100,0,9941,9941,0,100,0,11.97,2105.968
90275,CA,41804,41804,0,100,0,16236,16236,0,100,0,13.515,3093.07
90277,CA,35293,35293,0,100,0,18062,18062,0,100,0,3.583,9850.372
90278,CA,40071,40071,0,100,0,16655,16655,0,100,0,3.604,11119.837
90280,CA,94396,94396,0,100,0,24160,24160,0,100,0,7.305,12921.975
90290,CA,6368,4437,1931,69.68,30.32,2867,1964,903,68.5,31.5,20.052,317.568
90291,CA,28341,28341,0,100,0,16212,16212,0,100,0,2.495,11358.867
90292,CA,21576,21576,0,100,0,14585,14585,0,100,0,2.039,10583.054
90293,CA,12132,12132,0,100,0,6968,6968,0,100,0,2.865,4234.597
90301,CA,36568,36568,0,100,0,12565,12565,0,100,0,2.478,14759.836
90302,CA,29415,29415,0,100,0,11431,11431,0,100,0,1.893,15537.453
90303,CA,26176,26176,0,100,0,7646,7646,0,100,0,2.219,11798.952
90304,CA,28210,28210,0,100,0,6946,6946,0,100,0,1.567,18006.919
90305,CA,14853,14853,0,100,0,6166,6166,0,100,0,2.319,6404.125
90401,CA,6722,6722,0,100,0,4682,4682,0,100,0,0.849,7916.592
90402,CA,12250,12250,0,100,0,5945,5945,0,100,0,2.004,6113.273
90403,CA,24525,24525,0,100,0,15172,15172,0,100,0,1.428,17179.943
90404,CA,21360,21360,0,100,0,10865,10865,0,100,0,1.992,10722.63
90405,CA,27186,27186,0,100,0,15370,15370,0,100,0,2.647,10272.091
90501,CA,43180,43180,0,100,0,15364,15364,0,100,0,5.624,7678.032
90502,CA,18010,18010,0,100,0,5939,5939,0,100,0,2.235,8058.556
90503,CA,44383,44383,0,100,0,17948,17948,0,100,0,5.297,8378.625
90504,CA,32102,32102,0,100,0,11986,11986,0,100,0,4.451,7212.606
90505,CA,36678,36678,0,100,0,14846,14846,0,100,0,5.794,6329.964
90506,CA,0,0,0,0,0,0,0,0,0,0,0.157,0
90601,CA,31974,31974,0,100,0,11549,11549,0,100,0,11.347,2817.81
90602,CA,25777,25777,0,100,0,8451,8451,0,100,0,3.71,6947.045
90603,CA,20063,20063,0,100,0,7007,7007,0,100,0,3.27,6135.608
90604,CA,39407,39407,0,100,0,12326,12326,0,100,0,4.261,9247.623
90605,CA,40331,40331,0,100,0,10897,10897,0,100,0,5.652,7135.763
90606,CA,32396,32396,0,100,0,8931,8931,0,100,0,3.783,8563.526
90620,CA,45113,45113,0,100,0,13680,13680,0,100,0,6.391,7058.394
90621,CA,35153,35153,0,100,0,10803,10803,0,100,0,4.142,8486.602
90623,CA,15554,15554,0,100,0,5215,5215,0,100,0,1.812,8581.669
90630,CA,47993,47993,0,100,0,16204,16204,0,100,0,6.125,7835.039
90631,CA,67619,67619,0,100,0,22497,22497,0,100,0,13.904,4863.331
90638,CA,49012,49012,0,100,0,15236,15236,0,100,0,7.883,6217.385
90640,CA,62549,62549,0,100,0,19785,19785,0,100,0,8.491,7366.78
90650,CA,105549,105549,0,100,0,28083,28083,0,100,0,9.808,10761.217
90660,CA,62928,62928,0,100,0,17106,17106,0,100,0,7.75,8120.068
90670,CA,14866,14866,0,100,0,4616,4616,0,100,0,8.463,1756.664
90680,CA,29945,29945,0,100,0,8848,8848,0,100,0,2.695,11109.591
90701,CA,16591,16591,0,100,0,4715,4715,0,100,0,1.63,10178.425
90703,CA,49399,49399,0,100,0,15946,15946,0,100,0,8.78,5626.287
90704,CA,4090,3652,438,89.29,10.71,2481,2244,237,90.45,9.55,74.795,54.683
90706,CA,76615,76615,0,100,0,24896,24896,0,100,0,6.108,12543.137
90710,CA,25457,25457,0,100,0,9061,9061,0,100,0,2.358,10796.527
90712,CA,31499,31499,0,100,0,11155,11155,0,100,0,4.286,7348.852
90713,CA,27925,27925,0,100,0,9711,9711,0,100,0,3.394,8228.064
90715,CA,20388,20388,0,100,0,6406,6406,0,100,0,1.7,11989.623
90716,CA,14184,14184,0,100,0,3652,3652,0,100,0,0.931,15233.461
90717,CA,21318,21318,0,100,0,8887,8887,0,100,0,1.98,10767.03
90720,CA,21751,21751,0,100,0,8010,8010,0,100,0,6.127,3550.182
90723,CA,54099,54099,0,100,0,14572,14572,0,100,0,4.685,11547.445
90731,CA,59662,59662,0,100,0,23914,23914,0,100,0,9.19,6491.756
90732,CA,21115,21115,0,100,0,9250,9250,0,100,0,3.438,6142.5
90740,CA,23729,23729,0,100,0,14303,14303,0,100,0,8.774,2704.318
90742,CA,831,831,0,100,0,556,556,0,100,0,0.185,4497.437
90743,CA,456,456,0,100,0,256,256,0,100,0,0.083,5507.683
90744,CA,53815,53815,0,100,0,14684,14684,0,100,0,8.337,6454.795
90745,CA,57251,57251,0,100,0,15680,15680,0,100,0,8.301,6897.113
90746,CA,25990,25990,0,100,0,8271,8271,0,100,0,5.833,4455.888
90747,CA,0,0,0,0,0,0,0,0,0,0,0.006,0
90755,CA,11074,11074,0,100,0,4404,4404,0,100,0,2.179,5081.148
90802,CA,39347,39347,0,100,0,23071,23071,0,100,0,6.483,6069.09
90803,CA,32031,32031,0,100,0,18682,18682,0,100,0,3.998,8012.735
90804,CA,40311,40311,0,100,0,15792,15792,0,100,0,2.115,19061.094
90805,CA,93524,93524,0,100,0,27646,27646,0,100,0,7.369,12691.737
90806,CA,42399,42399,0,100,0,13072,13072,0,100,0,3.439,12327.107
90807,CA,31481,31481,0,100,0,13256,13256,0,100,0,5.84,5391.003
90808,CA,38232,38232,0,100,0,14567,14567,0,100,0,6.866,5568.196
90810,CA,36735,36735,0,100,0,9709,9709,0,100,0,6.696,5486.17
90813,CA,58911,58911,0,100,0,17896,17896,0,100,0,3.209,18359.97
90814,CA,19131,19131,0,100,0,9808,9808,0,100,0,1.355,14122.15
90815,CA,39733,39733,0,100,0,15409,15409,0,100,0,7.122,5578.799
90822,CA,117,117,0,100,0,4,4,0,100,0,0.162,720.063
90831,CA,0,0,0,0,0,0,0,0,0,0,0.042,0
91001,CA,36126,36122,4,99.99,0.01,13285,13271,14,99.89,0.11,8.271,4367.884
91006,CA,31715,31715,0,100,0,11142,11142,0,100,0,6.319,5019.368
91007,CA,34095,34095,0,100,0,12750,12750,0,100,0,5.558,6134.265
91008,CA,1391,1391,0,100,0,640,640,0,100,0,2.024,687.142
91010,CA,26074,26069,5,99.98,0.02,8256,8252,4,99.95,0.05,7.04,3703.501
91011,CA,20280,20269,11,99.95,0.05,7099,7095,4,99.94,0.06,11.855,1710.699
91016,CA,40598,40378,220,99.46,0.54,15781,15691,90,99.43,0.57,8.486,4784.123
91020,CA,8415,8415,0,100,0,3586,3586,0,100,0,0.752,11185.037
91024,CA,10917,10917,0,100,0,5113,5113,0,100,0,2.953,3697.529
91030,CA,25616,25616,0,100,0,11116,11116,0,100,0,3.411,7510.503
91040,CA,20372,20368,4,99.98,0.02,7732,7730,2,99.97,0.03,8.202,2483.67
91042,CA,27585,27473,112,99.59,0.41,10534,10476,58,99.45,0.55,49.883,552.995
91046,CA,156,156,0,100,0,118,118,0,100,0,0.01,15590.898
91101,CA,20460,20460,0,100,0,11873,11873,0,100,0,1.325,15445.272
91103,CA,27480,27480,0,100,0,9076,9076,0,100,0,5.366,5121.604
91104,CA,36751,36751,0,100,0,13670,13670,0,100,0,3.803,9664.014
91105,CA,11254,11254,0,100,0,5704,5704,0,100,0,3.694,3046.731
91106,CA,24229,24229,0,100,0,11742,11742,0,100,0,2.951,8210.375
91107,CA,32940,32930,10,99.97,0.03,13763,13760,3,99.98,0.02,8.219,4007.683
91108,CA,13361,13361,0,100,0,4562,4562,0,100,0,3.812,3505.132
91201,CA,22781,22781,0,100,0,8590,8590,0,100,0,2.361,9646.987
91202,CA,22830,22830,0,100,0,9297,9297,0,100,0,2.05,11138.648
91203,CA,13220,13220,0,100,0,5407,5407,0,100,0,0.819,16150.797
91204,CA,16032,16032,0,100,0,5969,5969,0,100,0,1.124,14263.426
91205,CA,37810,37810,0,100,0,14899,14899,0,100,0,1.891,19995.432
91206,CA,33065,33065,0,100,0,14041,14041,0,100,0,5.882,5621.061
91207,CA,10506,10506,0,100,0,4283,4283,0,100,0,4.543,2312.392
91208,CA,16245,16245,0,100,0,6342,6342,0,100,0,6.902,2353.591
91210,CA,328,328,0,100,0,309,309,0,100,0,0.044,7452.091
91214,CA,30356,30060,296,99.02,0.98,10919,10812,107,99.02,0.98,7.547,4022.331
91301,CA,25488,22751,2737,89.26,10.74,9559,8396,1163,87.83,12.17,34.091,747.652
91302,CA,25709,23367,2342,90.89,9.11,9702,8866,836,91.38,8.62,26.696,963.017
91303,CA,26855,26855,0,100,0,9502,9502,0,100,0,2.163,12412.906
91304,CA,50231,50043,188,99.63,0.37,17456,17370,86,99.51,0.49,9.406,5340.595
91306,CA,45061,45061,0,100,0,14389,14389,0,100,0,4.138,10888.753
91307,CA,24474,24015,459,98.12,1.88,8556,8399,157,98.17,1.83,8.045,3042.127
91311,CA,36557,35655,902,97.53,2.47,14021,13645,376,97.32,2.68,32.078,1139.634
91316,CA,26898,26898,0,100,0,12692,12692,0,100,0,5.007,5371.888
91320,CA,44274,44224,50,99.89,0.11,15438,15413,25,99.84,0.16,18.248,2426.278
91321,CA,34882,33943,939,97.31,2.69,11892,11543,349,97.07,2.93,25.881,1347.787
91324,CA,27669,27669,0,100,0,10020,10020,0,100,0,4.391,6300.792
91325,CA,32417,32417,0,100,0,12488,12488,0,100,0,4.821,6723.819
91326,CA,33708,33708,0,100,0,12206,12206,0,100,0,8.159,4131.436
91330,CA,2702,2702,0,100,0,2,2,0,100,0,0.341,7931.413
91331,CA,103689,103689,0,100,0,23780,23780,0,100,0,8.853,11712.683
91335,CA,74363,74363,0,100,0,24158,24158,0,100,0,6.565,11327.949
91340,CA,34188,34188,0,100,0,8623,8623,0,100,0,3.381,10112.485
91342,CA,91725,91439,286,99.69,0.31,24967,24856,111,99.56,0.44,55.101,1664.665
91343,CA,60254,60254,0,100,0,17619,17619,0,100,0,5.911,10193.086
91344,CA,51747,51355,392,99.24,0.76,17444,17298,146,99.16,0.84,16.414,3152.621
91345,CA,18496,18496,0,100,0,5412,5412,0,100,0,3.242,5705.461
91350,CA,33348,32884,464,98.61,1.39,11336,11238,98,99.14,0.86,16.945,1968.059
91351,CA,32362,32096,266,99.18,0.82,10531,10425,106,98.99,1.01,9.571,3381.163
91352,CA,47807,47673,134,99.72,0.28,12620,12566,54,99.57,0.43,11.669,4097.047
91354,CA,28722,28444,278,99.03,0.97,9926,9829,97,99.02,0.98,8.724,3292.21
91355,CA,32605,32543,62,99.81,0.19,13322,13288,34,99.74,0.26,15.475,2106.986
91356,CA,29458,29458,0,100,0,12454,12454,0,100,0,7.334,4016.378
91360,CA,42402,41851,551,98.7,1.3,15515,15308,207,98.67,1.33,14.528,2918.663
91361,CA,20438,19340,1098,94.63,5.37,8738,8343,395,95.48,4.52,33.503,610.038
91362,CA,36045,35981,64,99.82,0.18,14033,14012,21,99.85,0.15,19.617,1837.425
91364,CA,25851,25851,0,100,0,10975,10975,0,100,0,7.593,3404.643
91367,CA,39499,39499,0,100,0,18210,18210,0,100,0,7.441,5308.304
91371,CA,1,1,0,100,0,1,1,0,100,0,0.234,4.268
91377,CA,13811,13811,0,100,0,5297,5297,0,100,0,5.294,2608.562
91381,CA,20158,18257,1901,90.57,9.43,6848,6086,762,88.87,11.13,37.633,535.648
91384,CA,29855,26843,3012,89.91,10.09,7197,6247,950,86.8,13.2,108.561,275.006
91387,CA,40328,39802,526,98.7,1.3,13793,13587,206,98.51,1.49,49.525,814.303
91390,CA,19786,13841,5945,69.95,30.05,6742,4228,2514,62.71,37.29,143.12,138.248
91401,CA,39285,39285,0,100,0,15289,15289,0,100,0,3.453,11376.564
91402,CA,69817,69817,0,100,0,19179,19179,0,100,0,3.727,18732.763
91403,CA,23484,23484,0,100,0,12051,12051,0,100,0,3.631,6467.128
91405,CA,51145,51145,0,100,0,17442,17442,0,100,0,3.309,15456.727
91406,CA,51558,51558,0,100,0,18034,18034,0,100,0,8.132,6340.094
91411,CA,24628,24628,0,100,0,9788,9788,0,100,0,2.042,12058.865
91423,CA,30991,30991,0,100,0,15787,15787,0,100,0,4.363,7103.251
91436,CA,14372,14372,0,100,0,5788,5788,0,100,0,5.696,2523.339
91501,CA,20849,20849,0,100,0,8686,8686,0,100,0,3.967,5255.151
91502,CA,11371,11371,0,100,0,5419,5419,0,100,0,1.335,8520.713
91504,CA,24939,24939,0,100,0,9702,9702,0,100,0,4.936,5052.827
91505,CA,30778,30778,0,100,0,13850,13850,0,100,0,5.04,6106.392
91506,CA,18904,18904,0,100,0,7927,7927,0,100,0,2.447,7725.775
91601,CA,37180,37180,0,100,0,17392,17392,0,100,0,2.65,14028.041
91602,CA,17473,17473,0,100,0,9946,9946,0,100,0,2.047,8534.757
91604,CA,29034,29034,0,100,0,15373,15373,0,100,0,5.152,5635.569
91605,CA,56343,56343,0,100,0,16199,16199,0,100,0,5.464,10311.975
91606,CA,44958,44958,0,100,0,15676,15676,0,100,0,3.333,13490.704
91607,CA,27927,27927,0,100,0,13841,13841,0,100,0,2.439,11447.864
91608,CA,0,0,0,0,0,0,0,0,0,0,0.599,0
91701,CA,38976,38960,16,99.96,0.04,13351,13347,4,99.97,0.03,7.27,5361.231
91702,CA,59705,59377,328,99.45,0.55,16224,16139,85,99.48,0.52,169.36,352.533
91706,CA,76571,76571,0,100,0,18067,18067,0,100,0,13.437,5698.683
91708,CA,3369,3183,186,94.48,5.52,381,319,62,83.73,16.27,9.571,352.01
91709,CA,74796,71290,3506,95.31,4.69,23615,22488,1127,95.23,4.77,34.178,2188.406
91710,CA,80358,80174,184,99.77,0.23,23009,22924,85,99.63,0.37,21.508,3736.123
91711,CA,35705,35677,28,99.92,0.08,12431,12420,11,99.91,0.09,15.01,2378.721
91722,CA,34409,34409,0,100,0,10450,10450,0,100,0,4.131,8329.72
91723,CA,18275,18275,0,100,0,6672,6672,0,100,0,2.32,7876.942
91724,CA,26184,26184,0,100,0,8771,8771,0,100,0,6.234,4200.132
91730,CA,66925,66925,0,100,0,24024,24024,0,100,0,14.474,4623.806
91731,CA,29591,29591,0,100,0,8381,8381,0,100,0,3.814,7758.286
91732,CA,61386,61386,0,100,0,15347,15347,0,100,0,4.615,13300.615
91733,CA,43896,43896,0,100,0,10297,10297,0,100,0,6.681,6570.33
91737,CA,24740,24675,65,99.74,0.26,8399,8382,17,99.8,0.2,8.377,2953.281
91739,CA,34794,34577,217,99.38,0.62,10890,10815,75,99.31,0.69,29.389,1183.903
91740,CA,25356,25356,0,100,0,8724,8724,0,100,0,4.978,5093.741
91741,CA,25824,25642,182,99.3,0.7,9433,9374,59,99.37,0.63,14.818,1742.782
91744,CA,85040,85040,0,100,0,19211,19211,0,100,0,8.79,9675.141
91745,CA,54013,54013,0,100,0,16645,16645,0,100,0,12.808,4217.142
91746,CA,30485,30485,0,100,0,6937,6937,0,100,0,5.57,5473.3
91748,CA,45406,45406,0,100,0,13889,13889,0,100,0,14.468,3138.361
91750,CA,33249,33247,2,99.99,0,12396,12389,7,99.94,0.06,25.234,1317.646
91752,CA,30047,30047,0,100,0,9025,9025,0,100,0,15.087,1991.55
91754,CA,32742,32742,0,100,0,11718,11718,0,100,0,4.533,7223.548
91755,CA,27496,27496,0,100,0,9122,9122,0,100,0,3.108,8846.564
91759,CA,476,0,476,0,100,366,0,366,0,100,82.29,5.784
91761,CA,56913,55946,967,98.3,1.7,16038,15703,335,97.91,2.09,29.171,1951.037
91762,CA,55857,55358,499,99.11,0.89,16769,16619,150,99.11,0.89,13.624,4099.813
91763,CA,36375,36375,0,100,0,9833,9833,0,100,0,5.171,7034.293
91764,CA,54086,54086,0,100,0,15411,15411,0,100,0,8.006,6755.704
91765,CA,46457,46457,0,100,0,15547,15547,0,100,0,18.92,2455.506
91766,CA,71599,71599,0,100,0,18629,18629,0,100,0,10.166,7042.963
91767,CA,48068,48068,0,100,0,14520,14520,0,100,0,5.621,8551.974
91768,CA,34537,34537,0,100,0,8381,8381,0,100,0,8.65,3992.916
91770,CA,62097,62097,0,100,0,17258,17258,0,100,0,6.423,9668.21
91773,CA,33119,32932,187,99.44,0.56,12414,12343,71,99.43,0.57,14.303,2315.602
91775,CA,23988,23988,0,100,0,8567,8567,0,100,0,3.064,7829.908
91776,CA,38475,38475,0,100,0,12493,12493,0,100,0,3.405,11299.766
91780,CA,34332,34332,0,100,0,11828,11828,0,100,0,3.829,8966.061
91784,CA,25938,25869,69,99.73,0.27,9200,9178,22,99.76,0.24,9.114,2845.955
91786,CA,51165,51165,0,100,0,19394,19394,0,100,0,8.953,5714.981
91789,CA,43079,43079,0,100,0,13246,13246,0,100,0,15.633,2755.67
91790,CA,44907,44907,0,100,0,13151,13151,0,100,0,5.772,7779.49
91791,CA,32414,32414,0,100,0,10612,10612,0,100,0,6.635,4885.302
91792,CA,30854,30854,0,100,0,9504,9504,0,100,0,3.842,8030.732
91801,CA,52735,52735,0,100,0,20521,20521,0,100,0,4.358,12101.207
91803,CA,30322,30322,0,100,0,10385,10385,0,100,0,3.266,9285.056
91901,CA,17403,12996,4407,74.68,25.32,6720,5022,1698,74.73,25.27,89.261,194.967
91902,CA,17653,17419,234,98.67,1.33,6183,6105,78,98.74,1.26,8.707,2027.563
91905,CA,1700,0,1700,0,100,893,0,893,0,100,65.814,25.83
91906,CA,3627,0,3627,0,100,1518,0,1518,0,100,105.531,34.369
91910,CA,75802,75802,0,100,0,27557,27557,0,100,0,12.233,6196.331
91911,CA,82999,82999,0,100,0,25616,25616,0,100,0,11.712,7086.682
91913,CA,40971,39155,1816,95.57,4.43,12865,12225,640,95.03,4.97,10.198,4017.375
91914,CA,15448,15443,5,99.97,0.03,4572,4571,1,99.98,0.02,6.294,2454.574
91915,CA,24659,24618,41,99.83,0.17,7487,7475,12,99.84,0.16,7.606,3241.952
91916,CA,1622,0,1622,0,100,793,0,793,0,100,39.782,40.772
91917,CA,992,0,992,0,100,320,0,320,0,100,36.216,27.391
91931,CA,592,0,592,0,100,288,0,288,0,100,14.466,40.925
91932,CA,25718,25718,0,100,0,9883,9883,0,100,0,2.513,10232.21
91934,CA,737,0,737,0,100,436,0,436,0,100,46.729,15.772
91935,CA,8624,3278,5346,38.01,61.99,3101,1093,2008,35.25,64.75,96.599,89.276
91941,CA,31779,31779,0,100,0,12856,12856,0,100,0,8.062,3942.065
91942,CA,38069,38069,0,100,0,18285,18285,0,100,0,5.836,6523.632
91945,CA,25460,25460,0,100,0,8915,8915,0,100,0,3.926,6484.262
91948,CA,78,0,78,0,100,215,0,215,0,100,19.844,3.931
91950,CA,60322,60322,0,100,0,17167,17167,0,100,0,7.599,7938.311
91962,CA,1646,0,1646,0,100,804,0,804,0,100,51.631,31.88
91963,CA,1118,0,1118,0,100,413,0,413,0,100,33.641,33.233
91977,CA,58368,58368,0,100,0,19167,19167,0,100,0,9.665,6038.857
91978,CA,8896,8693,203,97.72,2.28,3159,3096,63,98.01,1.99,6.399,1390.253
91980,CA,165,0,165,0,100,49,0,49,0,100,3.581,46.071
92003,CA,4746,2171,2575,45.74,54.26,1995,975,1020,48.87,51.13,17.329,273.878
92004,CA,3881,0,3881,0,100,3288,0,3288,0,100,693.563,5.596
92007,CA,10429,10429,0,100,0,4765,4765,0,100,0,2.444,4267.082
92008,CA,27649,27649,0,100,0,12799,12799,0,100,0,10.307,2682.435
92009,CA,40747,40747,0,100,0,16059,16059,0,100,0,12.726,3201.799
92010,CA,14382,14382,0,100,0,5711,5711,0,100,0,8.079,1780.096
92011,CA,22405,22405,0,100,0,10036,10036,0,100,0,6.8,3294.926
92014,CA,13154,13154,0,100,0,6755,6755,0,100,0,6.029,2181.763
92019,CA,42598,41170,1428,96.65,3.35,15838,15308,530,96.65,3.35,26.85,1586.534
92020,CA,57767,57767,0,100,0,20894,20894,0,100,0,11.136,5187.595
92021,CA,65068,63333,1735,97.33,2.67,23881,23209,672,97.19,2.81,29.828,2181.42
92024,CA,49121,48993,128,99.74,0.26,20991,20942,49,99.77,0.23,16.877,2910.585
92025,CA,49978,49356,622,98.76,1.24,15781,15615,166,98.95,1.05,22.037,2267.877
92026,CA,48922,44563,4359,91.09,8.91,18178,16401,1777,90.22,9.78,37.212,1314.699
92027,CA,53881,53281,600,98.89,1.11,17051,16826,225,98.68,1.32,63.063,854.395
92028,CA,46239,40224,6015,86.99,13.01,17325,14831,2494,85.6,14.4,94.365,489.999
92029,CA,19021,17703,1318,93.07,6.93,7364,6831,533,92.76,7.24,23.646,804.413
92036,CA,3440,0,3440,0,100,2227,0,2227,0,100,178.714,19.249
92037,CA,46781,46781,0,100,0,20162,20162,0,100,0,13.078,3577.083
92040,CA,41281,38745,2536,93.86,6.14,15610,14677,933,94.02,5.98,64.179,643.213
92054,CA,40375,40375,0,100,0,17924,17924,0,100,0,11.943,3380.724
92055,CA,15655,10949,4706,69.94,30.06,388,387,1,99.74,0.26,98.471,158.98
92056,CA,51835,51835,0,100,0,20128,20128,0,100,0,12.411,4176.395
92057,CA,54096,53834,262,99.52,0.48,18860,18754,106,99.44,0.56,15.088,3585.398
92058,CA,42436,41478,958,97.74,2.26,14431,13928,503,96.51,3.49,28.216,1503.967
92059,CA,1618,0,1618,0,100,569,0,569,0,100,27.855,58.087
92060,CA,218,0,218,0,100,217,0,217,0,100,69.623,3.131
92061,CA,2499,0,2499,0,100,1097,0,1097,0,100,39.707,62.935
92064,CA,47904,45663,2241,95.32,4.68,16752,15996,756,95.49,4.51,40.957,1169.615
92065,CA,35414,25913,9501,73.17,26.83,12708,9052,3656,71.23,28.77,165.169,214.41
92066,CA,378,0,378,0,100,211,0,211,0,100,19.837,19.055
92067,CA,9535,9278,257,97.3,2.7,3990,3869,121,96.97,3.03,22.518,423.446
92069,CA,46369,45614,755,98.37,1.63,14538,14261,277,98.09,1.91,16.453,2818.318
92070,CA,1245,0,1245,0,100,600,0,600,0,100,133.174,9.349
92071,CA,53422,53418,4,99.99,0,20052,20051,1,100,0,17.432,3064.622
92075,CA,12056,12056,0,100,0,6163,6163,0,100,0,3.544,3402.207
92078,CA,42906,42625,281,99.35,0.65,17034,16923,111,99.35,0.65,16.7,2569.211
92081,CA,27404,27404,0,100,0,10840,10840,0,100,0,8.855,3094.898
92082,CA,19037,0,19037,0,100,6711,0,6711,0,100,122.876,154.928
92083,CA,36975,36975,0,100,0,10982,10982,0,100,0,5.571,6636.963
92084,CA,47654,46021,1633,96.57,3.43,15562,14861,701,95.5,4.5,26.171,1820.898
92086,CA,1573,0,1573,0,100,846,0,846,0,100,220.425,7.136
92091,CA,1048,1048,0,100,0,620,620,0,100,0,0.655,1599.485
92101,CA,37095,37095,0,100,0,25169,25169,0,100,0,4.715,7867.099
92102,CA,43267,43267,0,100,0,14987,14987,0,100,0,4.629,9347.351
92103,CA,31066,31066,0,100,0,19080,19080,0,100,0,3.768,8245.496
92104,CA,44414,44414,0,100,0,22325,22325,0,100,0,3.79,11720.044
92105,CA,69813,69813,0,100,0,21744,21744,0,100,0,5.57,12533.526
92106,CA,19330,19330,0,100,0,8322,8322,0,100,0,5.641,3426.408
92107,CA,28651,28651,0,100,0,14493,14493,0,100,0,3.146,9106.467
92108,CA,18858,18858,0,100,0,11601,11601,0,100,0,4.284,4402.301
92109,CA,45787,45787,0,100,0,26216,26216,0,100,0,7.596,6027.705
92110,CA,25341,25341,0,100,0,11426,11426,0,100,0,4.853,5222.136
92111,CA,45096,45096,0,100,0,17268,17268,0,100,0,8.46,5330.665
92113,CA,56066,56066,0,100,0,13196,13196,0,100,0,5.269,10639.835
92114,CA,65433,65433,0,100,0,17930,17930,0,100,0,8.238,7942.77
92115,CA,58560,58560,0,100,0,22754,22754,0,100,0,6.504,9003.146
92116,CA,31680,31680,0,100,0,17122,17122,0,100,0,3.468,9136.222
92117,CA,51332,51332,0,100,0,21466,21466,0,100,0,8.786,5842.298
92118,CA,23575,23575,0,100,0,9633,9633,0,100,0,7.751,3041.712
92119,CA,23057,23057,0,100,0,9853,9853,0,100,0,6.85,3365.925
92120,CA,26317,26317,0,100,0,11411,11411,0,100,0,6.655,3954.176
92121,CA,4179,4179,0,100,0,1752,1752,0,100,0,12.251,341.104
92122,CA,43728,43728,0,100,0,21058,21058,0,100,0,15.929,2745.119
92123,CA,26823,26823,0,100,0,10760,10760,0,100,0,8.165,3284.965
92124,CA,30443,30443,0,100,0,11445,11445,0,100,0,10.482,2904.44
92126,CA,73343,73343,0,100,0,23820,23820,0,100,0,12.671,5788.456
92127,CA,39337,38421,916,97.67,2.33,13748,13401,347,97.48,2.52,22.062,1783.037
92128,CA,47490,47490,0,100,0,21265,21265,0,100,0,11.166,4253.009
92129,CA,51536,51402,134,99.74,0.26,17439,17403,36,99.79,0.21,14.072,3662.273
92130,CA,48940,48940,0,100,0,18272,18272,0,100,0,18.437,2654.46
92131,CA,32787,32764,23,99.93,0.07,11832,11824,8,99.93,0.07,25.114,1305.529
92132,CA,0,0,0,0,0,0,0,0,0,0,0.034,0
92134,CA,198,198,0,100,0,13,13,0,100,0,0.185,1069.299
92135,CA,571,571,0,100,0,0,0,0,0,0,0.478,1194.217
92139,CA,35125,35125,0,100,0,10629,10629,0,100,0,3.626,9686.146
92140,CA,3435,3435,0,100,0,7,7,0,100,0,0.639,5375.971
92145,CA,1449,881,568,60.8,39.2,407,248,159,60.93,39.07,3.349,432.709
92147,CA,559,559,0,100,0,1,1,0,100,0,0.096,5795.873
92154,CA,79708,79655,53,99.93,0.07,21206,21182,24,99.89,0.11,36.959,2156.643
92155,CA,550,550,0,100,0,0,0,0,0,0,0.223,2469.379
92173,CA,29429,29179,250,99.15,0.85,7870,7816,54,99.31,0.69,5.059,5817.267
92201,CA,61827,61399,428,99.31,0.69,22207,21961,246,98.89,1.11,22.652,2729.481
92203,CA,25605,25151,454,98.23,1.77,11667,11443,224,98.08,1.92,17.509,1462.368
92210,CA,4677,3965,712,84.78,15.22,4830,3786,1044,78.39,21.61,13.055,358.263
92211,CA,24294,24139,155,99.36,0.64,19948,19865,83,99.58,0.42,15.056,1613.603
92220,CA,31638,29298,2340,92.6,7.4,13061,12048,1013,92.24,7.76,124.193,254.748
92222,CA,45,0,45,0,100,25,0,25,0,100,1.581,28.463
92223,CA,43605,42223,1382,96.83,3.17,15916,15390,526,96.7,3.3,43.378,1005.228
92225,CA,24310,12036,12274,49.51,50.49,8288,4599,3689,55.49,44.51,599.068,40.58
92227,CA,26234,25032,1202,95.42,4.58,8709,8249,460,94.72,5.28,540.859,48.504
92230,CA,2550,0,2550,0,100,938,0,938,0,100,15.146,168.364
92231,CA,39073,38531,542,98.61,1.39,10826,10620,206,98.1,1.9,57.088,684.431
92233,CA,8099,3538,4561,43.68,56.32,1270,1116,154,87.87,12.13,150.655,53.759
92234,CA,51151,51151,0,100,0,20958,20958,0,100,0,15.733,3251.214
92236,CA,41083,40506,577,98.6,1.4,9968,9627,341,96.58,3.42,21.883,1877.423
92239,CA,223,0,223,0,100,171,0,171,0,100,143.366,1.555
92240,CA,34722,33776,946,97.28,2.72,14481,14028,453,96.87,3.13,36.581,949.182
92241,CA,8803,5057,3746,57.45,42.55,6283,3982,2301,63.38,36.62,138.122,63.733
92242,CA,1539,93,1446,6.04,93.96,1681,114,1567,6.78,93.22,31.305,49.162
92243,CA,48030,45757,2273,95.27,4.73,16217,15345,872,94.62,5.38,110.278,435.535
92249,CA,7334,7219,115,98.43,1.57,2006,1971,35,98.26,1.74,21.456,341.81
92250,CA,8285,6876,1409,82.99,17.01,2828,2254,574,79.7,20.3,414.984,19.965
92251,CA,21583,16165,5418,74.9,25.1,5572,5226,346,93.79,6.21,199.535,108.166
92252,CA,9647,4845,4802,50.22,49.78,5343,2312,3031,43.27,56.73,89.909,107.297
92253,CA,37262,36658,604,98.38,1.62,23339,22681,658,97.18,2.82,34.966,1065.652
92254,CA,12768,10793,1975,84.53,15.47,3093,2452,641,79.28,20.72,46.689,273.47
92256,CA,3588,0,3588,0,100,2030,0,2030,0,100,78.047,45.972
92257,CA,2326,0,2326,0,100,1832,0,1832,0,100,743.891,3.127
92258,CA,861,612,249,71.08,28.92,483,237,246,49.07,50.93,10.574,81.429
92259,CA,390,0,390,0,100,526,0,526,0,100,324.136,1.203
92260,CA,31753,31527,226,99.29,0.71,22799,22594,205,99.1,0.9,28.398,1118.141
92262,CA,26179,25374,805,96.93,3.07,18306,17787,519,97.16,2.84,36.646,714.37
92264,CA,19383,18144,1239,93.61,6.39,17140,16145,995,94.19,5.81,52.285,370.72
92266,CA,234,0,234,0,100,293,0,293,0,100,325.95,0.718
92267,CA,126,0,126,0,100,144,0,144,0,100,16.301,7.73
92268,CA,574,0,574,0,100,482,0,482,0,100,80.84,7.1
92270,CA,17220,17006,214,98.76,1.24,14244,14049,195,98.63,1.37,26.672,645.615
92273,CA,1823,0,1823,0,100,583,0,583,0,100,6.953,262.177
92274,CA,19801,7899,11902,39.89,60.11,5980,1882,4098,31.47,68.53,178.875,110.698
92275,CA,1506,0,1506,0,100,986,0,986,0,100,62.377,24.143
92276,CA,7585,6133,1452,80.86,19.14,3552,2828,724,79.62,20.38,29.322,258.682
92277,CA,23911,17433,6478,72.91,27.09,11910,7381,4529,61.97,38.03,1394.976,17.141
92278,CA,3846,3846,0,100,0,141,141,0,100,0,0.801,4804.385
92280,CA,14,0,14,0,100,17,0,17,0,100,166.092,0.084
92281,CA,2432,0,2432,0,100,746,0,746,0,100,14.263,170.513
92282,CA,1239,0,1239,0,100,607,0,607,0,100,71.104,17.425
92283,CA,3158,1011,2147,32.01,67.99,1649,582,1067,35.29,64.71,743.623,4.247
92284,CA,25095,18960,6135,75.55,24.45,11943,8527,3416,71.4,28.6,110.232,227.657
92285,CA,2632,0,2632,0,100,2517,0,2517,0,100,171.02,15.39
92301,CA,32725,31381,1344,95.89,4.11,9470,8922,548,94.21,5.79,170.503,191.933
92304,CA,17,0,17,0,100,23,0,23,0,100,41.167,0.413
92305,CA,535,0,535,0,100,629,0,629,0,100,99.976,5.351
92307,CA,37630,34358,3272,91.3,8.7,14125,12773,1352,90.43,9.57,169.877,221.513
92308,CA,39837,36017,3820,90.41,9.59,15613,13812,1801,88.46,11.54,93.196,427.452
92309,CA,763,0,763,0,100,317,0,317,0,100,160.219,4.762
92310,CA,8845,8845,0,100,0,2487,2487,0,100,0,3.08,2871.401
92311,CA,31894,28973,2921,90.84,9.16,13151,11905,1246,90.53,9.47,248.38,128.408
92313,CA,12025,12025,0,100,0,4645,4645,0,100,0,3.487,3448.397
92314,CA,10162,8606,1556,84.69,15.31,9153,7959,1194,86.96,13.04,30.821,329.714
92315,CA,5094,5014,80,98.43,1.57,10066,9587,479,95.24,4.76,12.711,400.765
92316,CA,30830,30830,0,100,0,7527,7527,0,100,0,10.993,2804.58
92320,CA,7788,7185,603,92.26,7.74,3654,3413,241,93.4,6.6,10.704,727.571
92321,CA,1522,1310,212,86.07,13.93,1393,1160,233,83.27,16.73,6.505,233.965
92322,CA,1257,1023,234,81.38,18.62,886,690,196,77.88,22.12,2.992,420.172
92324,CA,56505,55676,829,98.53,1.47,17685,17375,310,98.25,1.75,29.508,1914.893
92325,CA,9391,9171,220,97.66,2.34,6309,6184,125,98.02,1.98,10.09,930.699
92327,CA,632,0,632,0,100,369,0,369,0,100,28.224,22.392
92328,CA,445,0,445,0,100,331,0,331,0,100,701.083,0.635
92332,CA,65,0,65,0,100,93,0,93,0,100,894.748,0.073
92333,CA,472,0,472,0,100,992,0,992,0,100,4.173,113.119
92335,CA,95397,95397,0,100,0,24246,24246,0,100,0,17.327,5505.775
92336,CA,88419,88383,36,99.96,0.04,23271,23258,13,99.94,0.06,24.87,3555.295
92337,CA,37849,37849,0,100,0,9851,9851,0,100,0,13.928,2717.523
92338,CA,12,0,12,0,100,5,0,5,0,100,241.33,0.05
92339,CA,885,0,885,0,100,716,0,716,0,100,10.571,83.721
92341,CA,410,0,410,0,100,1096,0,1096,0,100,7.067,58.019
92342,CA,6379,5394,985,84.56,15.44,3107,2662,445,85.68,14.32,105.472,60.48
92344,CA,20769,18904,1865,91.02,8.98,6421,5733,688,89.29,10.71,38.505,539.386
92345,CA,78715,77541,1174,98.51,1.49,25758,25305,453,98.24,1.76,82.021,959.688
92346,CA,54923,54706,217,99.6,0.4,17999,17927,72,99.6,0.4,25.41,2161.431
92347,CA,1692,0,1692,0,100,790,0,790,0,100,146.597,11.542
92352,CA,8004,7869,135,98.31,1.69,8544,8454,90,98.95,1.05,9.649,829.501
92354,CA,21559,21297,262,98.78,1.22,8594,8489,105,98.78,1.22,4.881,4416.765
92356,CA,6455,0,6455,0,100,3494,0,3494,0,100,393.789,16.392
92358,CA,707,0,707,0,100,457,0,457,0,100,19.784,35.735
92359,CA,8103,7538,565,93.03,6.97,3058,2772,286,90.65,9.35,16.666,486.192
92363,CA,5321,4563,758,85.75,14.25,3976,2477,1499,62.3,37.7,198.183,26.849
92364,CA,90,0,90,0,100,100,0,100,0,100,514.166,0.175
92365,CA,2637,0,2637,0,100,1393,0,1393,0,100,172.625,15.276
92368,CA,1113,342,771,30.73,69.27,474,111,363,23.42,76.58,27.918,39.866
92371,CA,16763,6510,10253,38.84,61.16,6098,2342,3756,38.41,61.59,139.736,119.962
92372,CA,6220,431,5789,6.93,93.07,2571,184,2387,7.16,92.84,27.878,223.112
92373,CA,33423,32038,1385,95.86,4.14,14940,14391,549,96.33,3.67,40.689,821.423
92374,CA,40267,39883,384,99.05,0.95,13867,13727,140,98.99,1.01,18.725,2150.457
92376,CA,81516,81516,0,100,0,22370,22370,0,100,0,13.517,6030.709
92377,CA,19989,19989,0,100,0,5524,5524,0,100,0,10.211,1957.569
92378,CA,183,181,2,98.91,1.09,80,79,1,98.75,1.25,0.829,220.824
92382,CA,5268,4811,457,91.32,8.68,4037,3639,398,90.14,9.86,15.076,349.438
92384,CA,36,0,36,0,100,37,0,37,0,100,140.024,0.257
92385,CA,313,245,68,78.27,21.73,328,245,83,74.7,25.3,8.414,37.2
92386,CA,2270,2253,17,99.25,0.75,3224,3160,64,98.01,1.99,1.917,1183.912
92389,CA,156,0,156,0,100,162,0,162,0,100,137.719,1.133
92391,CA,2534,2376,158,93.76,6.24,1674,1569,105,93.73,6.27,2.334,1085.488
92392,CA,54858,54147,711,98.7,1.3,17356,17083,273,98.43,1.57,37.325,1469.728
92394,CA,33237,33086,151,99.55,0.45,9051,8986,65,99.28,0.72,27.283,1218.215
92395,CA,42400,42366,34,99.92,0.08,15854,15834,20,99.87,0.13,17.102,2479.275
92397,CA,4894,4096,798,83.69,16.31,2857,2454,403,85.89,14.11,10.311,474.636
92398,CA,1379,0,1379,0,100,679,0,679,0,100,28.019,49.216
92399,CA,52606,50360,2246,95.73,4.27,20048,19193,855,95.74,4.26,53.03,992.007
92401,CA,1932,1932,0,100,0,748,748,0,100,0,0.865,2234.675
92404,CA,58271,57899,372,99.36,0.64,19384,19213,171,99.12,0.88,28.567,2039.8
92405,CA,28873,28873,0,100,0,9604,9604,0,100,0,4.723,6113.024
92407,CA,56689,54181,2508,95.58,4.42,16829,16268,561,96.67,3.33,62.892,901.374
92408,CA,15271,15271,0,100,0,4324,4324,0,100,0,10.621,1437.857
92410,CA,49410,49410,0,100,0,14224,14224,0,100,0,8.22,6010.989
92411,CA,26214,26214,0,100,0,7127,7127,0,100,0,4.092,6406.636
92501,CA,20970,20970,0,100,0,7287,7287,0,100,0,5.701,3678.151
92503,CA,84519,84326,193,99.77,0.23,24754,24690,64,99.74,0.26,29.87,2829.561
92504,CA,53778,53006,772,98.56,1.44,17788,17515,273,98.47,1.53,23.406,2297.654
92505,CA,47672,47672,0,100,0,14573,14573,0,100,0,12.224,3899.721
92506,CA,44001,44001,0,100,0,16248,16248,0,100,0,16.2,2716.151
92507,CA,58002,57920,82,99.86,0.14,19834,19804,30,99.85,0.15,20.208,2870.309
92508,CA,35000,35000,0,100,0,10351,10351,0,100,0,10.731,3261.546
92509,CA,75196,75196,0,100,0,20512,20512,0,100,0,31.093,2418.457
92518,CA,1162,543,619,46.73,53.27,717,475,242,66.25,33.75,11.911,97.557
92530,CA,50216,48417,1799,96.42,3.58,16205,15438,767,95.27,4.73,53.877,932.044
92532,CA,18644,17317,1327,92.88,7.12,6049,5592,457,92.45,7.55,18.082,1031.063
92536,CA,3810,0,3810,0,100,2296,0,2296,0,100,124.761,30.538
92539,CA,4734,0,4734,0,100,2442,0,2442,0,100,131.332,36.046
92543,CA,33555,33200,355,98.94,1.06,14994,14858,136,99.09,0.91,17.667,1899.26
92544,CA,44734,41188,3546,92.07,7.93,17221,15750,1471,91.46,8.54,135.698,329.659
92545,CA,39457,38087,1370,96.53,3.47,17984,17408,576,96.8,3.2,32.129,1228.086
92548,CA,6643,5851,792,88.08,11.92,2518,2209,309,87.73,12.27,9.829,675.88
92549,CA,3926,0,3926,0,100,4157,0,4157,0,100,27.485,142.841
92551,CA,30815,30815,0,100,0,8114,8114,0,100,0,5.873,5247.226
92553,CA,73722,73722,0,100,0,20376,20376,0,100,0,10.131,7276.954
92555,CA,39076,37518,1558,96.01,3.99,11763,11243,520,95.58,4.42,80.684,484.307
92557,CA,50320,49846,474,99.06,0.94,15510,15343,167,98.92,1.08,18.804,2675.998
92561,CA,1661,0,1661,0,100,1275,0,1275,0,100,158.177,10.501
92562,CA,62079,58486,3593,94.21,5.79,22069,20652,1417,93.58,6.42,109.39,567.504
92563,CA,53892,53596,296,99.45,0.55,17192,17074,118,99.31,0.69,20.339,2649.748
92567,CA,9459,7682,1777,81.21,18.79,2920,2292,628,78.49,21.51,29.492,320.736
92570,CA,53697,46256,7441,86.14,13.86,14903,12356,2547,82.91,17.09,97.307,551.828
92571,CA,52516,51982,534,98.98,1.02,13526,13321,205,98.48,1.52,22.558,2328.033
92582,CA,15649,15385,264,98.31,1.69,4661,4573,88,98.11,1.89,18.502,845.781
92583,CA,30236,29318,918,96.96,3.04,11044,10750,294,97.34,2.66,28.45,1062.779
92584,CA,43400,41666,1734,96,4,14553,13906,647,95.55,4.45,29.796,1456.588
92585,CA,17797,17414,383,97.85,2.15,5944,5804,140,97.64,2.36,20.303,876.557
92586,CA,19815,19815,0,100,0,10638,10638,0,100,0,7.062,2805.848
92587,CA,16675,16623,52,99.69,0.31,6499,6481,18,99.72,0.28,7.903,2110.049
92590,CA,3660,1470,2190,40.16,59.84,1464,585,879,39.96,60.04,53.449,68.477
92591,CA,38272,37670,602,98.43,1.57,13631,13433,198,98.55,1.45,16.472,2323.523
92592,CA,72492,65396,7096,90.21,9.79,24146,21419,2727,88.71,11.29,97.229,745.578
92595,CA,29851,29115,736,97.53,2.47,10020,9756,264,97.37,2.63,21.057,1417.628
92596,CA,23172,21413,1759,92.41,7.59,7131,6465,666,90.66,9.34,61.18,378.751
92602,CA,22871,22871,0,100,0,8764,8764,0,100,0,10.443,2190.132
92603,CA,20184,19935,249,98.77,1.23,7937,7864,73,99.08,0.92,13.253,1523.004
92604,CA,26853,26853,0,100,0,10094,10094,0,100,0,3.374,7959.807
92606,CA,21495,21495,0,100,0,8021,8021,0,100,0,4.848,4433.685
92610,CA,11248,11244,4,99.96,0.04,3882,3880,2,99.95,0.05,9.804,1147.267
92612,CA,27522,27522,0,100,0,13044,13044,0,100,0,6.08,4526.284
92614,CA,24748,24748,0,100,0,9973,9973,0,100,0,4.42,5598.82
92617,CA,14044,14044,0,100,0,3713,3713,0,100,0,2.404,5841.438
92618,CA,16366,16179,187,98.86,1.14,8077,7997,80,99.01,0.99,21.169,773.123
92620,CA,38486,38486,0,100,0,14293,14292,1,99.99,0,7.041,5466.278
92624,CA,7248,7248,0,100,0,3243,3243,0,100,0,1.373,5277.121
92625,CA,12478,12478,0,100,0,6722,6722,0,100,0,2.553,4887.626
92626,CA,49341,49341,0,100,0,19641,19641,0,100,0,9.623,5127.59
92627,CA,61510,61510,0,100,0,22839,22839,0,100,0,6.349,9688.2
92629,CA,25756,25756,0,100,0,12521,12521,0,100,0,5.094,5056.409
92630,CA,59182,59182,0,100,0,20785,20785,0,100,0,9.524,6213.773
92637,CA,16012,16012,0,100,0,12851,12851,0,100,0,3.504,4569.566
92646,CA,55224,55224,0,100,0,21947,21947,0,100,0,8.046,6863.418
92647,CA,57245,57245,0,100,0,20625,20625,0,100,0,7.749,7387.157
92648,CA,45317,45317,0,100,0,20863,20863,0,100,0,8.027,5645.236
92649,CA,32463,32463,0,100,0,14697,14697,0,100,0,7.649,4243.919
92651,CA,23881,23688,193,99.19,0.81,13462,13379,83,99.38,0.62,19.463,1226.993
92653,CA,29291,29291,0,100,0,10362,10362,0,100,0,6.696,4374.126
92655,CA,8337,8337,0,100,0,2477,2477,0,100,0,0.631,13219.669
92656,CA,49046,49046,0,100,0,19711,19711,0,100,0,8.228,5960.935
92657,CA,9741,9741,0,100,0,4159,4159,0,100,0,7.372,1321.325
92660,CA,34797,34797,0,100,0,16354,16354,0,100,0,9.758,3566.148
92661,CA,3744,3744,0,100,0,2609,2609,0,100,0,0.651,5748.889
92662,CA,2756,2756,0,100,0,2111,2111,0,100,0,0.208,13233.063
92663,CA,21649,21649,0,100,0,12233,12233,0,100,0,3.302,6557.036
92672,CA,34464,34464,0,100,0,15708,15708,0,100,0,7.96,4329.917
92673,CA,29309,29309,0,100,0,10246,10246,0,100,0,11.681,2509.16
92675,CA,34731,34683,48,99.86,0.14,12005,11984,21,99.83,0.17,34.455,1008.022
92676,CA,1945,282,1663,14.5,85.5,861,109,752,12.66,87.34,66.343,29.317
92677,CA,63297,63297,0,100,0,25554,25554,0,100,0,16.698,3790.795
92678,CA,494,363,131,73.48,26.52,244,141,103,57.79,42.21,15.075,32.77
92679,CA,32611,31743,868,97.34,2.66,10751,10512,239,97.78,2.22,22.615,1441.999
92683,CA,89747,89747,0,100,0,27713,27713,0,100,0,9.999,8975.374
92688,CA,43792,43792,0,100,0,16120,16120,0,100,0,10.898,4018.345
92691,CA,47582,47582,0,100,0,16702,16702,0,100,0,8.804,5404.418
92692,CA,47222,47222,0,100,0,18109,18109,0,100,0,9.852,4793.043
92694,CA,21944,21684,260,98.82,1.18,6933,6792,141,97.97,2.03,9.496,2310.941
92701,CA,53908,53908,0,100,0,13175,13175,0,100,0,3.27,16485.85
92703,CA,65445,65445,0,100,0,13177,13177,0,100,0,4.081,16036.26
92704,CA,88123,88123,0,100,0,20468,20468,0,100,0,7.394,11918.521
92705,CA,44706,44706,0,100,0,15095,15095,0,100,0,11.557,3868.454
92706,CA,36457,36457,0,100,0,9687,9687,0,100,0,3.408,10697.858
92707,CA,59492,59492,0,100,0,13564,13564,0,100,0,5.028,11831.963
92708,CA,56004,56004,0,100,0,19391,19391,0,100,0,9.061,6180.657
92780,CA,57741,57741,0,100,0,19516,19516,0,100,0,6.992,8258.164
92782,CA,23032,23032,0,100,0,8881,8881,0,100,0,3.363,6848.5
92801,CA,62068,62068,0,100,0,18604,18604,0,100,0,6.288,9871.57
92802,CA,42709,42709,0,100,0,12321,12321,0,100,0,4.545,9396.586
92804,CA,85914,85914,0,100,0,25717,25717,0,100,0,7.005,12264.815
92805,CA,70401,70401,0,100,0,18804,18804,0,100,0,6.304,11167.265
92806,CA,37173,37173,0,100,0,12844,12844,0,100,0,7.728,4810.417
92807,CA,36171,36162,9,99.98,0.02,12893,12890,3,99.98,0.02,10.715,3375.88
92808,CA,20039,20039,0,100,0,7538,7538,0,100,0,5.082,3942.901
92821,CA,35533,35294,239,99.33,0.67,13551,13464,87,99.36,0.64,10.539,3371.53
92823,CA,3613,3460,153,95.77,4.23,1182,1120,62,94.75,5.25,10.871,332.358
92831,CA,34204,34204,0,100,0,13409,13409,0,100,0,5.975,5724.17
92832,CA,24752,24752,0,100,0,8460,8460,0,100,0,2.814,8795.996
92833,CA,51767,51767,0,100,0,16562,16562,0,100,0,7.305,7086.565
92835,CA,24010,24010,0,100,0,9140,9140,0,100,0,6.026,3984.62
92840,CA,54083,54083,0,100,0,15338,15338,0,100,0,5.202,10396.53
92841,CA,32845,32845,0,100,0,9451,9451,0,100,0,4.481,7329.528
92843,CA,45214,45214,0,100,0,11265,11265,0,100,0,3.906,11574.257
92844,CA,24307,24307,0,100,0,6749,6749,0,100,0,2.126,11433.18
92845,CA,16333,16333,0,100,0,5751,5751,0,100,0,2.189,7462.957
92860,CA,27198,27198,0,100,0,7360,7360,0,100,0,13.98,1945.505
92861,CA,5781,5781,0,100,0,2006,2006,0,100,0,2.126,2718.913
92865,CA,19704,19704,0,100,0,6659,6659,0,100,0,3.66,5383.614
92866,CA,14885,14885,0,100,0,6048,6048,0,100,0,1.932,7705.224
92867,CA,44515,44508,7,99.98,0.02,13628,13626,2,99.99,0.01,7.938,5607.6
92868,CA,25404,25404,0,100,0,8125,8125,0,100,0,3.233,7857.154
92869,CA,37184,37181,3,99.99,0,11995,11993,2,99.98,0.02,9.293,4001.377
92870,CA,52033,52033,0,100,0,17493,17493,0,100,0,6.792,7661.329
92879,CA,46745,46704,41,99.91,0.09,14380,14368,12,99.92,0.08,10.046,4653.184
92880,CA,58763,58668,95,99.84,0.16,16355,16322,33,99.8,0.2,24.688,2380.251
92881,CA,30991,30659,332,98.93,1.07,9311,9217,94,98.99,1.01,27.68,1119.608
92882,CA,67917,67874,43,99.94,0.06,20452,20440,12,99.94,0.06,25.75,2637.524
92883,CA,29301,28586,715,97.56,2.44,9738,9435,303,96.89,3.11,55.692,526.125
92886,CA,46564,46553,11,99.98,0.02,16255,16251,4,99.98,0.02,14.727,3161.732
92887,CA,20006,19758,248,98.76,1.24,6926,6836,90,98.7,1.3,8.989,2225.576
93001,CA,32990,30127,2863,91.32,8.68,14290,13037,1253,91.23,8.77,205.389,160.622
93003,CA,50474,50466,8,99.98,0.02,20116,20114,2,99.99,0,20.578,2452.794
93004,CA,29149,29149,0,100,0,10866,10866,0,100,0,6.866,4245.159
93010,CA,42901,42325,576,98.66,1.34,16499,16430,69,99.58,0.42,22.14,1937.706
93012,CA,34617,33362,1255,96.37,3.63,13559,13086,473,96.51,3.49,52.362,661.11
93013,CA,16091,14735,1356,91.57,8.43,6856,6325,531,92.25,7.75,56.944,282.578
93015,CA,17334,15081,2253,87,13,5147,4429,718,86.05,13.95,76.563,226.402
93021,CA,36422,33936,2486,93.17,6.83,11393,10618,775,93.2,6.8,47.232,771.124
93022,CA,6106,5622,484,92.07,7.93,2369,2140,229,90.33,9.67,4.62,1321.666
93023,CA,20589,16691,3898,81.07,18.93,9096,7245,1851,79.65,20.35,269.546,76.384
93030,CA,59372,59362,10,99.98,0.02,15395,15390,5,99.97,0.03,13.866,4281.836
93033,CA,82728,82435,293,99.65,0.35,17696,17603,93,99.47,0.53,29.329,2820.668
93035,CA,27732,27732,0,100,0,11848,11848,0,100,0,4.11,6748.016
93036,CA,41691,41621,70,99.83,0.17,12185,12156,29,99.76,0.24,15.887,2624.277
93040,CA,2031,0,2031,0,100,575,0,575,0,100,70.591,28.771
93041,CA,23641,23634,7,99.97,0.03,8824,8820,4,99.95,0.05,11.239,2103.467
93042,CA,56,0,56,0,100,1,0,1,0,100,22.639,2.474
93043,CA,333,333,0,100,0,17,17,0,100,0,0.482,691.261
93060,CA,32811,29877,2934,91.06,8.94,9848,8921,927,90.59,9.41,119.01,275.698
93063,CA,54366,53932,434,99.2,0.8,19234,19033,201,98.95,1.05,32.95,1649.94
93064,CA,40,0,40,0,100,18,0,18,0,100,5.671,7.054
93065,CA,72508,71352,1156,98.41,1.59,24282,23897,385,98.41,1.59,31.643,2291.405
93066,CA,3102,1266,1836,40.81,59.19,1086,441,645,40.61,59.39,41.575,74.611
93067,CA,895,811,84,90.61,9.39,507,462,45,91.12,8.88,0.589,1518.655
93101,CA,31683,31683,0,100,0,13317,13317,0,100,0,3.43,9237.17
93103,CA,20249,20198,51,99.75,0.25,7669,7640,29,99.62,0.38,5.238,3865.569
93105,CA,24815,23298,1517,93.89,6.11,11610,10871,739,93.63,6.37,97.123,255.501
93108,CA,11112,9806,1306,88.25,11.75,5398,4699,699,87.05,12.95,21.201,524.12
93109,CA,10858,10858,0,100,0,4888,4888,0,100,0,3.383,3210.001
93110,CA,16829,16045,784,95.34,4.66,6679,6342,337,94.95,5.05,10.546,1595.795
93111,CA,17370,16604,766,95.59,4.41,6570,6253,317,95.18,4.82,8.11,2141.863
93117,CA,53217,51776,1441,97.29,2.71,16470,15853,617,96.25,3.75,170.076,312.901
93201,CA,1348,0,1348,0,100,363,0,363,0,100,77.413,17.413
93202,CA,4143,4143,0,100,0,1184,1184,0,100,0,0.776,5342.021
93203,CA,20938,19568,1370,93.46,6.54,5013,4539,474,90.54,9.46,214.748,97.5
93204,CA,15529,15486,43,99.72,0.28,2421,2402,19,99.22,0.78,59.622,260.459
93205,CA,2113,395,1718,18.69,81.31,1280,215,1065,16.8,83.2,57.594,36.688
93206,CA,2300,0,2300,0,100,656,0,656,0,100,149.536,15.381
93207,CA,263,0,263,0,100,423,0,423,0,100,58.064,4.529
93208,CA,104,0,104,0,100,527,0,527,0,100,58.956,1.764
93210,CA,19504,12702,6802,65.13,34.87,4836,4398,438,90.94,9.06,771.767,25.272
93212,CA,26079,25516,563,97.84,2.16,4355,4168,187,95.71,4.29,106.081,245.84
93215,CA,55659,54372,1287,97.69,2.31,11410,11008,402,96.48,3.52,141.888,392.275
93218,CA,994,0,994,0,100,281,0,281,0,100,64.45,15.423
93219,CA,10194,8729,1465,85.63,14.37,2534,2085,449,82.28,17.72,97.309,104.759
93220,CA,211,150,61,71.09,28.91,69,54,15,78.26,21.74,26.365,8.003
93221,CA,14945,11145,3800,74.57,25.43,5282,3882,1400,73.49,26.51,131.651,113.519
93222,CA,2099,0,2099,0,100,2033,0,2033,0,100,28.747,73.016
93223,CA,10604,10604,0,100,0,2733,2733,0,100,0,2.471,4291.411
93224,CA,451,0,451,0,100,198,0,198,0,100,22.362,20.169
93225,CA,5077,3379,1698,66.56,33.44,2658,1717,941,64.6,35.4,177.21,28.65
93226,CA,282,0,282,0,100,182,0,182,0,100,93.607,3.013
93230,CA,65264,59035,6229,90.46,9.54,22331,20176,2155,90.35,9.65,261.805,249.285
93234,CA,6987,6754,233,96.67,3.33,1693,1601,92,94.57,5.43,80.156,87.168
93235,CA,4559,4385,174,96.18,3.82,1237,1183,54,95.63,4.37,2.881,1582.311
93238,CA,1490,0,1490,0,100,1177,0,1177,0,100,126.578,11.771
93239,CA,1688,0,1688,0,100,443,0,443,0,100,63.928,26.405
93240,CA,6056,2876,3180,47.49,52.51,3574,1695,1879,47.43,52.57,74.798,80.965
93241,CA,17489,17470,19,99.89,0.11,4202,4192,10,99.76,0.24,4.125,4240.181
93242,CA,3468,0,3468,0,100,1058,0,1058,0,100,41.073,84.434
93243,CA,1699,278,1421,16.36,83.64,713,89,624,12.48,87.52,150.339,11.301
93244,CA,534,0,534,0,100,250,0,250,0,100,68.03,7.849
93245,CA,37412,32201,5211,86.07,13.93,12232,10381,1851,84.87,15.13,117.857,317.436
93247,CA,17423,14610,2813,83.85,16.15,4870,3945,925,81.01,18.99,75.69,230.19
93249,CA,2739,0,2739,0,100,560,0,560,0,100,223.126,12.276
93250,CA,13522,12826,696,94.85,5.15,2924,2714,210,92.82,7.18,84.574,159.884
93251,CA,270,0,270,0,100,99,0,99,0,100,133.814,2.018
93252,CA,4176,0,4176,0,100,876,0,876,0,100,679.52,6.146
93254,CA,811,0,811,0,100,402,0,402,0,100,136.57,5.938
93255,CA,614,0,614,0,100,409,0,409,0,100,216.499,2.836
93256,CA,5753,4391,1362,76.33,23.67,1573,1170,403,74.38,25.62,79.885,72.016
93257,CA,75004,68368,6636,91.15,8.85,22985,20655,2330,89.86,10.14,445,168.548
93258,CA,2046,2046,0,100,0,484,484,0,100,0,0.433,4728.976
93260,CA,200,0,200,0,100,490,0,490,0,100,32.921,6.075
93261,CA,3099,2867,232,92.51,7.49,666,607,59,91.14,8.86,8.49,365.001
93262,CA,63,0,63,0,100,33,0,33,0,100,89.594,0.703
93263,CA,19582,18098,1484,92.42,7.58,5305,4796,509,90.41,9.59,90.605,216.125
93265,CA,3699,0,3699,0,100,2068,0,2068,0,100,374.095,9.888
93266,CA,1587,0,1587,0,100,436,0,436,0,100,55.728,28.478
93267,CA,6237,3016,3221,48.36,51.64,1756,796,960,45.33,54.67,75.173,82.968
93268,CA,16897,14985,1912,88.68,11.32,6040,5494,546,90.96,9.04,41.946,402.824
93270,CA,5837,3119,2718,53.43,46.57,1677,765,912,45.62,54.38,61.801,94.448
93271,CA,2276,0,2276,0,100,1464,0,1464,0,100,379.71,5.994
93272,CA,3583,2543,1040,70.97,29.03,979,645,334,65.88,34.12,83.758,42.778
93274,CA,69721,61217,8504,87.8,12.2,22004,19412,2592,88.22,11.78,214.067,325.697
93276,CA,161,0,161,0,100,73,0,73,0,100,0.685,235.03
93277,CA,50607,49533,1074,97.88,2.12,19634,19237,397,97.98,2.02,39.976,1265.942
93280,CA,27152,25489,1663,93.88,6.12,6012,5442,570,90.52,9.48,322.059,84.308
93283,CA,2040,0,2040,0,100,1303,0,1303,0,100,204.287,9.986
93285,CA,2536,0,2536,0,100,2561,0,2561,0,100,47.165,53.769
93286,CA,9548,7465,2083,78.18,21.82,2896,2120,776,73.2,26.8,85.341,111.881
93287,CA,119,0,119,0,100,54,0,54,0,100,55.867,2.13
93291,CA,52849,49877,2972,94.38,5.62,16362,15791,571,96.51,3.49,84.641,624.393
93292,CA,39032,32693,6339,83.76,16.24,13622,11412,2210,83.78,16.22,108.646,359.259
93301,CA,12248,12248,0,100,0,5707,5707,0,100,0,4.181,2929.466
93304,CA,48731,48731,0,100,0,16480,16480,0,100,0,7.595,6416.361
93305,CA,37601,37585,16,99.96,0.04,11964,11953,11,99.91,0.09,5.934,6336.353
93306,CA,64587,63822,765,98.82,1.18,22210,21884,326,98.53,1.47,88.071,733.349
93307,CA,82658,79465,3193,96.14,3.86,23411,22250,1161,95.04,4.96,138.898,595.098
93308,CA,52447,49480,2967,94.34,5.66,20931,20374,557,97.34,2.66,316.009,165.967
93309,CA,58409,58409,0,100,0,23542,23542,0,100,0,10.645,5487.072
93311,CA,40829,39576,1253,96.93,3.07,14414,13933,481,96.66,3.34,169.486,240.899
93312,CA,56741,56726,15,99.97,0.03,19494,19490,4,99.98,0.02,15.216,3729.066
93313,CA,43553,41380,2173,95.01,4.99,12990,12262,728,94.4,5.6,99.674,436.955
93314,CA,22393,18957,3436,84.66,15.34,7515,6401,1114,85.18,14.82,98.934,226.343
93401,CA,28033,26160,1873,93.32,6.68,13378,12536,842,93.71,6.29,69.944,400.79
93402,CA,14318,13904,414,97.11,2.89,6506,6346,160,97.54,2.46,29.093,492.152
93405,CA,35440,33147,2293,93.53,6.47,9346,8777,569,93.91,6.09,87.747,403.889
93410,CA,0,0,0,0,0,0,0,0,0,0,0.084,0
93420,CA,28413,22533,5880,79.31,20.69,12444,9921,2523,79.73,20.27,187.362,151.648
93422,CA,31375,27491,3884,87.62,12.38,12744,11022,1722,86.49,13.51,59.811,524.567
93424,CA,1261,1009,252,80.02,19.98,919,780,139,84.87,15.13,2.633,478.943
93426,CA,1401,0,1401,0,100,1260,0,1260,0,100,212.245,6.601
93427,CA,5505,4837,668,87.87,12.13,2141,1848,293,86.31,13.69,55.979,98.341
93428,CA,6314,5865,449,92.89,7.11,4196,3971,225,94.64,5.36,76.986,82.015
93429,CA,154,0,154,0,100,69,0,69,0,100,7.442,20.695
93430,CA,2972,2541,431,85.5,14.5,2537,2316,221,91.29,8.71,72.244,41.138
93432,CA,1384,0,1384,0,100,645,0,645,0,100,90.066,15.366
93433,CA,13162,13162,0,100,0,5749,5749,0,100,0,2.164,6083.597
93434,CA,7110,7080,30,99.58,0.42,1900,1887,13,99.32,0.68,33.014,215.363
93436,CA,54017,51509,2508,95.36,4.64,18989,17944,1045,94.5,5.5,218.923,246.74
93437,CA,3338,3047,291,91.28,8.72,1035,945,90,91.3,8.7,38.799,86.033
93440,CA,2058,0,2058,0,100,743,0,743,0,100,40.2,51.194
93441,CA,1530,984,546,64.31,35.69,574,359,215,62.54,37.46,54.882,27.878
93442,CA,10789,10327,462,95.72,4.28,6596,6384,212,96.79,3.21,44.852,240.547
93444,CA,19244,16373,2871,85.08,14.92,7201,6082,1119,84.46,15.54,68.865,279.445
93445,CA,7173,7128,45,99.37,0.63,3036,3010,26,99.14,0.86,16.804,426.864
93446,CA,43714,30344,13370,69.41,30.59,18374,11753,6621,63.97,36.03,417.06,104.815
93449,CA,7657,7589,68,99.11,0.89,5587,5552,35,99.37,0.63,9.993,766.22
93450,CA,740,0,740,0,100,245,0,245,0,100,169.753,4.359
93451,CA,3779,0,3779,0,100,1462,0,1462,0,100,510.178,7.407
93452,CA,524,0,524,0,100,345,0,345,0,100,114.141,4.591
93453,CA,2899,1254,1645,43.26,56.74,1392,522,870,37.5,62.5,622.784,4.655
93454,CA,36448,34850,1598,95.62,4.38,12393,11690,703,94.33,5.67,427.001,85.358
93455,CA,41684,40327,1357,96.74,3.26,15675,15167,508,96.76,3.24,108.102,385.598
93458,CA,55431,55270,161,99.71,0.29,13026,12964,62,99.52,0.48,27.373,2025.047
93460,CA,5255,3162,2093,60.17,39.83,2394,1305,1089,54.51,45.49,123.398,42.586
93461,CA,1623,0,1623,0,100,569,0,569,0,100,354.251,4.581
93463,CA,7646,5879,1767,76.89,23.11,3589,2738,851,76.29,23.71,30.193,253.236
93465,CA,9153,5999,3154,65.54,34.46,3532,2182,1350,61.78,38.22,87.683,104.388
93501,CA,5467,3236,2231,59.19,40.81,2418,1385,1033,57.28,42.72,163.825,33.371
93505,CA,14038,10908,3130,77.7,22.3,5165,4899,266,94.85,5.15,78.206,179.501
93510,CA,7993,0,7993,0,100,2954,0,2954,0,100,71.905,111.161
93512,CA,277,0,277,0,100,154,0,154,0,100,126.42,2.191
93513,CA,1763,0,1763,0,100,874,0,874,0,100,643.48,2.74
93514,CA,13857,9935,3922,71.7,28.3,6663,4619,2044,69.32,30.68,1115.755,12.419
93516,CA,2299,0,2299,0,100,1233,0,1233,0,100,19.285,119.214
93517,CA,670,0,670,0,100,686,0,686,0,100,593.184,1.129
93518,CA,1146,0,1146,0,100,844,0,844,0,100,298.135,3.844
93519,CA,101,0,101,0,100,86,0,86,0,100,78.741,1.283
93522,CA,48,0,48,0,100,49,0,49,0,100,46.204,1.039
93523,CA,3074,0,3074,0,100,1436,0,1436,0,100,97.412,31.557
93524,CA,229,0,229,0,100,0,0,0,0,0,2.051,111.652
93526,CA,719,0,719,0,100,473,0,473,0,100,136.92,5.251
93527,CA,2387,0,2387,0,100,1349,0,1349,0,100,545.31,4.377
93528,CA,172,0,172,0,100,139,0,139,0,100,3.799,45.277
93529,CA,633,0,633,0,100,825,0,825,0,100,30.619,20.673
93530,CA,47,0,47,0,100,46,0,46,0,100,0.912,51.534
93531,CA,509,0,509,0,100,261,0,261,0,100,34.317,14.833
93532,CA,2932,0,2932,0,100,1291,0,1291,0,100,113.674,25.793
93534,CA,39341,38972,369,99.06,0.94,16066,15809,257,98.4,1.6,17.759,2215.302
93535,CA,72046,68916,3130,95.66,4.34,22946,21596,1350,94.12,5.88,257.897,279.36
93536,CA,70918,66673,4245,94.01,5.99,22620,20864,1756,92.24,7.76,242.692,292.213
93541,CA,449,0,449,0,100,378,0,378,0,100,267.764,1.677
93543,CA,13033,11900,1133,91.31,8.69,3986,3496,490,87.71,12.29,59.36,219.558
93544,CA,1259,0,1259,0,100,762,0,762,0,100,109.553,11.492
93545,CA,2082,0,2082,0,100,1055,0,1055,0,100,106.817,19.491
93546,CA,9567,7693,1874,80.41,19.59,10470,8420,2050,80.42,19.58,172.272,55.534
93549,CA,344,0,344,0,100,217,0,217,0,100,335.476,1.025
93550,CA,74929,73946,983,98.69,1.31,22961,22592,369,98.39,1.61,196.167,381.966
93551,CA,50798,48467,2331,95.41,4.59,17144,16190,954,94.44,5.56,73.141,694.519
93552,CA,38158,37879,279,99.27,0.73,10422,10292,130,98.75,1.25,48.504,786.697
93553,CA,2138,0,2138,0,100,933,0,933,0,100,86.491,24.719
93554,CA,72,0,72,0,100,103,0,103,0,100,74.076,0.972
93555,CA,32560,31155,1405,95.68,4.32,14147,13461,686,95.15,4.85,81.566,399.188
93558,CA,125,0,125,0,100,107,0,107,0,100,3.669,34.067
93560,CA,18910,16000,2910,84.61,15.39,7367,6089,1278,82.65,17.35,159.552,118.519
93561,CA,34630,16540,18090,47.76,52.24,12824,6802,6022,53.04,46.96,264.149,131.1
93562,CA,1818,0,1818,0,100,1008,0,1008,0,100,39.55,45.967
93563,CA,388,0,388,0,100,146,0,146,0,100,40.19,9.654
93591,CA,7285,6274,1011,86.12,13.88,2235,1850,385,82.77,17.23,82.455,88.351
93592,CA,64,0,64,0,100,44,0,44,0,100,150.143,0.426
